run_id,N_address_qubits,seed,optimized_circuit_size,optimized_circuit_depth,optimized_circuit_gates,initialize_gate_size,initialize_gate_depth,initialize_gate_gates
1,2,0,138,123,"OrderedDict({'rz': 52, 'sx': 50, 'cx': 32, 'x': 4})",15,10,"OrderedDict({'rz': 6, 'sx': 6, 'reset': 2, 'cx': 1})"
1,3,0,626,563,"OrderedDict({'rz': 230, 'sx': 227, 'cx': 160, 'x': 9})",31,21,"OrderedDict({'rz': 12, 'sx': 12, 'cx': 4, 'reset': 3})"
1,4,0,992,707,"OrderedDict({'rz': 457, 'cx': 384, 'sx': 133, 'x': 18})",62,47,"OrderedDict({'rz': 25, 'sx': 22, 'cx': 11, 'reset': 4})"
1,5,0,3058,1996,"OrderedDict({'rz': 1481, 'cx': 1280, 'sx': 262, 'x': 35})",120,100,"OrderedDict({'rz': 49, 'sx': 40, 'cx': 26, 'reset': 5})"
1,6,0,6550,4940,"OrderedDict({'rz': 3147, 'cx': 2816, 'sx': 519, 'x': 68})",235,210,"OrderedDict({'rz': 98, 'sx': 74, 'cx': 57, 'reset': 6})"
1,7,0,25644,22930,"OrderedDict({'rz': 12191, 'cx': 10240, 'sx': 3080, 'x': 133})",461,431,"OrderedDict({'rz': 194, 'sx': 140, 'cx': 120, 'reset': 7})"
1,8,0,70991,58649,"OrderedDict({'rz': 33865, 'cx': 26624, 'sx': 10249, 'x': 253})",1094,1058,"OrderedDict({'rz': 496, 'sx': 343, 'cx': 247, 'reset': 8})"
1,9,0,164607,145005,"OrderedDict({'rz': 78079, 'cx': 61440, 'sx': 24586, 'x': 502})",2052,2010,"OrderedDict({'rz': 910, 'sx': 630, 'cx': 502, 'reset': 9, 'x': 1})"
1,10,0,374047,324721,"OrderedDict({'rz': 176413, 'cx': 139264, 'sx': 57355, 'x': 1015})",3949,3903,"OrderedDict({'rz': 1737, 'sx': 1188, 'cx': 1013, 'reset': 10, 'x': 1})"
2,2,1,138,123,"OrderedDict({'rz': 52, 'sx': 50, 'cx': 32, 'x': 4})",15,10,"OrderedDict({'rz': 6, 'sx': 6, 'reset': 2, 'cx': 1})"
2,3,1,626,563,"OrderedDict({'rz': 230, 'sx': 227, 'cx': 160, 'x': 9})",31,21,"OrderedDict({'rz': 12, 'sx': 12, 'cx': 4, 'reset': 3})"
2,4,1,994,709,"OrderedDict({'rz': 459, 'cx': 384, 'sx': 133, 'x': 18})",62,47,"OrderedDict({'rz': 25, 'sx': 22, 'cx': 11, 'reset': 4})"
2,5,1,3058,1996,"OrderedDict({'rz': 1481, 'cx': 1280, 'sx': 262, 'x': 35})",120,100,"OrderedDict({'rz': 49, 'sx': 40, 'cx': 26, 'reset': 5})"
2,6,1,6551,4941,"OrderedDict({'rz': 3148, 'cx': 2816, 'sx': 519, 'x': 68})",235,210,"OrderedDict({'rz': 98, 'sx': 74, 'cx': 57, 'reset': 6})"
2,7,1,25645,22930,"OrderedDict({'rz': 12192, 'cx': 10240, 'sx': 3080, 'x': 133})",461,431,"OrderedDict({'rz': 194, 'sx': 140, 'cx': 120, 'reset': 7})"
2,8,1,70995,58649,"OrderedDict({'rz': 33869, 'cx': 26624, 'sx': 10249, 'x': 253})",1144,1108,"OrderedDict({'rz': 524, 'sx': 365, 'cx': 247, 'reset': 8})"
2,9,1,164617,145005,"OrderedDict({'rz': 78089, 'cx': 61440, 'sx': 24586, 'x': 502})",1956,1916,"OrderedDict({'rz': 858, 'sx': 587, 'cx': 502, 'reset': 9})"
2,10,1,374055,324721,"OrderedDict({'rz': 176421, 'cx': 139264, 'sx': 57355, 'x': 1015})",4081,4035,"OrderedDict({'rz': 1814, 'sx': 1244, 'cx': 1013, 'reset': 10})"
3,2,2,138,123,"OrderedDict({'rz': 52, 'sx': 50, 'cx': 32, 'x': 4})",15,10,"OrderedDict({'rz': 6, 'sx': 6, 'reset': 2, 'cx': 1})"
3,3,2,626,563,"OrderedDict({'rz': 230, 'sx': 227, 'cx': 160, 'x': 9})",31,21,"OrderedDict({'rz': 12, 'sx': 12, 'cx': 4, 'reset': 3})"
3,4,2,992,707,"OrderedDict({'rz': 457, 'cx': 384, 'sx': 133, 'x': 18})",62,47,"OrderedDict({'rz': 25, 'sx': 22, 'cx': 11, 'reset': 4})"
3,5,2,3058,1996,"OrderedDict({'rz': 1481, 'cx': 1280, 'sx': 262, 'x': 35})",120,100,"OrderedDict({'rz': 49, 'sx': 40, 'cx': 26, 'reset': 5})"
3,6,2,6550,4940,"OrderedDict({'rz': 3147, 'cx': 2816, 'sx': 519, 'x': 68})",233,208,"OrderedDict({'rz': 95, 'sx': 74, 'cx': 57, 'reset': 6, 'x': 1})"
3,7,2,25643,22930,"OrderedDict({'rz': 12190, 'cx': 10240, 'sx': 3080, 'x': 133})",461,431,"OrderedDict({'rz': 194, 'sx': 140, 'cx': 120, 'reset': 7})"
3,8,2,70991,58649,"OrderedDict({'rz': 33865, 'cx': 26624, 'sx': 10249, 'x': 253})",954,919,"OrderedDict({'rz': 411, 'sx': 288, 'cx': 247, 'reset': 8})"
3,9,2,164615,145005,"OrderedDict({'rz': 78087, 'cx': 61440, 'sx': 24586, 'x': 502})",2019,1979,"OrderedDict({'rz': 893, 'sx': 614, 'cx': 502, 'reset': 9, 'x': 1})"
3,10,2,374053,324721,"OrderedDict({'rz': 176419, 'cx': 139264, 'sx': 57355, 'x': 1015})",4313,4267,"OrderedDict({'rz': 1946, 'sx': 1343, 'cx': 1013, 'reset': 10, 'x': 1})"
4,2,3,138,123,"OrderedDict({'rz': 52, 'sx': 50, 'cx': 32, 'x': 4})",15,10,"OrderedDict({'rz': 6, 'sx': 6, 'reset': 2, 'cx': 1})"
4,3,3,626,563,"OrderedDict({'rz': 230, 'sx': 227, 'cx': 160, 'x': 9})",31,21,"OrderedDict({'rz': 12, 'sx': 12, 'cx': 4, 'reset': 3})"
4,4,3,992,707,"OrderedDict({'rz': 457, 'cx': 384, 'sx': 133, 'x': 18})",62,47,"OrderedDict({'rz': 25, 'sx': 22, 'cx': 11, 'reset': 4})"
4,5,3,3058,1996,"OrderedDict({'rz': 1481, 'cx': 1280, 'sx': 262, 'x': 35})",120,100,"OrderedDict({'rz': 49, 'sx': 40, 'cx': 26, 'reset': 5})"
4,6,3,6550,4940,"OrderedDict({'rz': 3147, 'cx': 2816, 'sx': 519, 'x': 68})",235,210,"OrderedDict({'rz': 98, 'sx': 74, 'cx': 57, 'reset': 6})"
4,7,3,25643,22930,"OrderedDict({'rz': 12190, 'cx': 10240, 'sx': 3080, 'x': 133})",461,431,"OrderedDict({'rz': 194, 'sx': 140, 'cx': 120, 'reset': 7})"
4,8,3,70991,58649,"OrderedDict({'rz': 33865, 'cx': 26624, 'sx': 10249, 'x': 253})",928,893,"OrderedDict({'rz': 393, 'sx': 279, 'cx': 247, 'reset': 8, 'x': 1})"
4,9,3,164613,145005,"OrderedDict({'rz': 78085, 'cx': 61440, 'sx': 24586, 'x': 502})",2131,2090,"OrderedDict({'rz': 963, 'sx': 657, 'cx': 502, 'reset': 9})"
4,10,3,374045,324721,"OrderedDict({'rz': 176411, 'cx': 139264, 'sx': 57355, 'x': 1015})",3858,3813,"OrderedDict({'rz': 1682, 'sx': 1150, 'cx': 1013, 'reset': 10, 'x': 3})"
5,2,4,138,123,"OrderedDict({'rz': 52, 'sx': 50, 'cx': 32, 'x': 4})",15,10,"OrderedDict({'rz': 6, 'sx': 6, 'reset': 2, 'cx': 1})"
5,3,4,626,563,"OrderedDict({'rz': 230, 'sx': 227, 'cx': 160, 'x': 9})",31,21,"OrderedDict({'rz': 12, 'sx': 12, 'cx': 4, 'reset': 3})"
5,4,4,992,707,"OrderedDict({'rz': 457, 'cx': 384, 'sx': 133, 'x': 18})",62,47,"OrderedDict({'rz': 25, 'sx': 22, 'cx': 11, 'reset': 4})"
5,5,4,3058,1996,"OrderedDict({'rz': 1481, 'cx': 1280, 'sx': 262, 'x': 35})",120,100,"OrderedDict({'rz': 49, 'sx': 40, 'cx': 26, 'reset': 5})"
5,6,4,6551,4941,"OrderedDict({'rz': 3148, 'cx': 2816, 'sx': 519, 'x': 68})",231,206,"OrderedDict({'rz': 94, 'sx': 74, 'cx': 57, 'reset': 6})"
5,7,4,25643,22930,"OrderedDict({'rz': 12190, 'cx': 10240, 'sx': 3080, 'x': 133})",459,429,"OrderedDict({'rz': 191, 'sx': 140, 'cx': 120, 'reset': 7, 'x': 1})"
5,8,4,70993,58649,"OrderedDict({'rz': 33867, 'cx': 26624, 'sx': 10249, 'x': 253})",930,894,"OrderedDict({'rz': 398, 'sx': 277, 'cx': 247, 'reset': 8})"
5,9,4,164609,145005,"OrderedDict({'rz': 78081, 'cx': 61440, 'sx': 24586, 'x': 502})",1851,1811,"OrderedDict({'rz': 779, 'sx': 561, 'cx': 502, 'reset': 9})"
5,10,4,374049,324721,"OrderedDict({'rz': 176415, 'cx': 139264, 'sx': 57355, 'x': 1015})",3906,3860,"OrderedDict({'rz': 1708, 'sx': 1175, 'cx': 1013, 'reset': 10})"
6,2,5,138,123,"OrderedDict({'rz': 52, 'sx': 50, 'cx': 32, 'x': 4})",15,10,"OrderedDict({'rz': 6, 'sx': 6, 'reset': 2, 'cx': 1})"
6,3,5,626,563,"OrderedDict({'rz': 230, 'sx': 227, 'cx': 160, 'x': 9})",31,21,"OrderedDict({'rz': 12, 'sx': 12, 'cx': 4, 'reset': 3})"
6,4,5,992,707,"OrderedDict({'rz': 457, 'cx': 384, 'sx': 133, 'x': 18})",62,47,"OrderedDict({'rz': 25, 'sx': 22, 'cx': 11, 'reset': 4})"
6,5,5,3058,1996,"OrderedDict({'rz': 1481, 'cx': 1280, 'sx': 262, 'x': 35})",120,100,"OrderedDict({'rz': 49, 'sx': 40, 'cx': 26, 'reset': 5})"
6,6,5,6552,4942,"OrderedDict({'rz': 3149, 'cx': 2816, 'sx': 519, 'x': 68})",235,210,"OrderedDict({'rz': 98, 'sx': 74, 'cx': 57, 'reset': 6})"
6,7,5,25645,22930,"OrderedDict({'rz': 12192, 'cx': 10240, 'sx': 3080, 'x': 133})",461,431,"OrderedDict({'rz': 194, 'sx': 140, 'cx': 120, 'reset': 7})"
6,8,5,70995,58649,"OrderedDict({'rz': 33869, 'cx': 26624, 'sx': 10249, 'x': 253})",904,869,"OrderedDict({'rz': 379, 'sx': 270, 'cx': 247, 'reset': 8})"
6,9,5,164619,145005,"OrderedDict({'rz': 78091, 'cx': 61440, 'sx': 24586, 'x': 502})",1850,1810,"OrderedDict({'rz': 793, 'sx': 545, 'cx': 502, 'reset': 9, 'x': 1})"
6,10,5,374061,324721,"OrderedDict({'rz': 176427, 'cx': 139264, 'sx': 57355, 'x': 1015})",4282,4236,"OrderedDict({'rz': 1933, 'sx': 1322, 'cx': 1013, 'reset': 10, 'x': 4})"
7,2,6,138,123,"OrderedDict({'rz': 52, 'sx': 50, 'cx': 32, 'x': 4})",15,10,"OrderedDict({'rz': 6, 'sx': 6, 'reset': 2, 'cx': 1})"
7,3,6,626,563,"OrderedDict({'rz': 230, 'sx': 227, 'cx': 160, 'x': 9})",31,21,"OrderedDict({'rz': 12, 'sx': 12, 'cx': 4, 'reset': 3})"
7,4,6,992,707,"OrderedDict({'rz': 457, 'cx': 384, 'sx': 133, 'x': 18})",62,47,"OrderedDict({'rz': 25, 'sx': 22, 'cx': 11, 'reset': 4})"
7,5,6,3058,1996,"OrderedDict({'rz': 1481, 'cx': 1280, 'sx': 262, 'x': 35})",120,100,"OrderedDict({'rz': 49, 'sx': 40, 'cx': 26, 'reset': 5})"
7,6,6,6550,4940,"OrderedDict({'rz': 3147, 'cx': 2816, 'sx': 519, 'x': 68})",253,227,"OrderedDict({'rz': 109, 'sx': 81, 'cx': 57, 'reset': 6})"
7,7,6,25643,22930,"OrderedDict({'rz': 12190, 'cx': 10240, 'sx': 3080, 'x': 133})",499,468,"OrderedDict({'rz': 216, 'sx': 156, 'cx': 120, 'reset': 7})"
7,8,6,70991,58649,"OrderedDict({'rz': 33865, 'cx': 26624, 'sx': 10249, 'x': 253})",994,959,"OrderedDict({'rz': 436, 'sx': 303, 'cx': 247, 'reset': 8})"
7,9,6,164613,145005,"OrderedDict({'rz': 78085, 'cx': 61440, 'sx': 24586, 'x': 502})",1852,1812,"OrderedDict({'rz': 794, 'sx': 546, 'cx': 502, 'reset': 9, 'x': 1})"
7,10,6,374027,324718,"OrderedDict({'rz': 176401, 'cx': 139264, 'sx': 57347, 'x': 1015})",3983,3938,"OrderedDict({'rz': 1761, 'sx': 1198, 'cx': 1013, 'reset': 10, 'x': 1})"
8,2,7,138,123,"OrderedDict({'rz': 52, 'sx': 50, 'cx': 32, 'x': 4})",15,10,"OrderedDict({'rz': 6, 'sx': 6, 'reset': 2, 'cx': 1})"
8,3,7,626,563,"OrderedDict({'rz': 230, 'sx': 227, 'cx': 160, 'x': 9})",31,21,"OrderedDict({'rz': 12, 'sx': 12, 'cx': 4, 'reset': 3})"
8,4,7,992,707,"OrderedDict({'rz': 457, 'cx': 384, 'sx': 133, 'x': 18})",62,47,"OrderedDict({'rz': 25, 'sx': 22, 'cx': 11, 'reset': 4})"
8,5,7,3058,1996,"OrderedDict({'rz': 1481, 'cx': 1280, 'sx': 262, 'x': 35})",120,100,"OrderedDict({'rz': 49, 'sx': 40, 'cx': 26, 'reset': 5})"
8,6,7,6551,4941,"OrderedDict({'rz': 3148, 'cx': 2816, 'sx': 519, 'x': 68})",235,210,"OrderedDict({'rz': 98, 'sx': 74, 'cx': 57, 'reset': 6})"
8,7,7,25645,22930,"OrderedDict({'rz': 12192, 'cx': 10240, 'sx': 3080, 'x': 133})",447,417,"OrderedDict({'rz': 180, 'sx': 140, 'cx': 120, 'reset': 7})"
8,8,7,70995,58649,"OrderedDict({'rz': 33869, 'cx': 26624, 'sx': 10249, 'x': 253})",903,868,"OrderedDict({'rz': 378, 'sx': 270, 'cx': 247, 'reset': 8})"
8,9,7,164615,145005,"OrderedDict({'rz': 78087, 'cx': 61440, 'sx': 24586, 'x': 502})",1808,1768,"OrderedDict({'rz': 769, 'sx': 528, 'cx': 502, 'reset': 9})"
8,10,7,374047,324721,"OrderedDict({'rz': 176413, 'cx': 139264, 'sx': 57355, 'x': 1015})",5525,5477,"OrderedDict({'rz': 2688, 'sx': 1813, 'cx': 1013, 'reset': 10, 'x': 1})"
9,2,8,138,123,"OrderedDict({'rz': 52, 'sx': 50, 'cx': 32, 'x': 4})",15,10,"OrderedDict({'rz': 6, 'sx': 6, 'reset': 2, 'cx': 1})"
9,3,8,626,563,"OrderedDict({'rz': 230, 'sx': 227, 'cx': 160, 'x': 9})",31,21,"OrderedDict({'rz': 12, 'sx': 12, 'cx': 4, 'reset': 3})"
9,4,8,992,707,"OrderedDict({'rz': 457, 'cx': 384, 'sx': 133, 'x': 18})",62,47,"OrderedDict({'rz': 25, 'sx': 22, 'cx': 11, 'reset': 4})"
9,5,8,3058,1996,"OrderedDict({'rz': 1481, 'cx': 1280, 'sx': 262, 'x': 35})",120,100,"OrderedDict({'rz': 49, 'sx': 40, 'cx': 26, 'reset': 5})"
9,6,8,6550,4940,"OrderedDict({'rz': 3147, 'cx': 2816, 'sx': 519, 'x': 68})",235,210,"OrderedDict({'rz': 98, 'sx': 74, 'cx': 57, 'reset': 6})"
9,7,8,25645,22930,"OrderedDict({'rz': 12192, 'cx': 10240, 'sx': 3080, 'x': 133})",499,468,"OrderedDict({'rz': 217, 'sx': 155, 'cx': 120, 'reset': 7})"
9,8,8,70993,58649,"OrderedDict({'rz': 33867, 'cx': 26624, 'sx': 10249, 'x': 253})",912,877,"OrderedDict({'rz': 387, 'sx': 270, 'cx': 247, 'reset': 8})"
9,9,8,164625,145005,"OrderedDict({'rz': 78097, 'cx': 61440, 'sx': 24586, 'x': 502})",1970,1929,"OrderedDict({'rz': 865, 'sx': 594, 'cx': 502, 'reset': 9})"
9,10,8,374055,324721,"OrderedDict({'rz': 176421, 'cx': 139264, 'sx': 57355, 'x': 1015})",4210,4164,"OrderedDict({'rz': 1887, 'sx': 1296, 'cx': 1013, 'reset': 10, 'x': 4})"
10,2,9,138,123,"OrderedDict({'rz': 52, 'sx': 50, 'cx': 32, 'x': 4})",15,10,"OrderedDict({'rz': 6, 'sx': 6, 'reset': 2, 'cx': 1})"
10,3,9,626,563,"OrderedDict({'rz': 230, 'sx': 227, 'cx': 160, 'x': 9})",31,21,"OrderedDict({'rz': 12, 'sx': 12, 'cx': 4, 'reset': 3})"
10,4,9,992,707,"OrderedDict({'rz': 457, 'cx': 384, 'sx': 133, 'x': 18})",62,47,"OrderedDict({'rz': 25, 'sx': 22, 'cx': 11, 'reset': 4})"
10,5,9,3058,1996,"OrderedDict({'rz': 1481, 'cx': 1280, 'sx': 262, 'x': 35})",120,100,"OrderedDict({'rz': 49, 'sx': 40, 'cx': 26, 'reset': 5})"
10,6,9,6550,4940,"OrderedDict({'rz': 3147, 'cx': 2816, 'sx': 519, 'x': 68})",235,210,"OrderedDict({'rz': 98, 'sx': 74, 'cx': 57, 'reset': 6})"
10,7,9,25643,22930,"OrderedDict({'rz': 12190, 'cx': 10240, 'sx': 3080, 'x': 133})",461,431,"OrderedDict({'rz': 194, 'sx': 140, 'cx': 120, 'reset': 7})"
10,8,9,70991,58649,"OrderedDict({'rz': 33865, 'cx': 26624, 'sx': 10249, 'x': 253})",898,862,"OrderedDict({'rz': 358, 'sx': 285, 'cx': 247, 'reset': 8})"
10,9,9,164611,145005,"OrderedDict({'rz': 78083, 'cx': 61440, 'sx': 24586, 'x': 502})",1959,1920,"OrderedDict({'rz': 858, 'sx': 589, 'cx': 502, 'reset': 9, 'x': 1})"
10,10,9,374021,324718,"OrderedDict({'rz': 176395, 'cx': 139264, 'sx': 57347, 'x': 1015})",3825,3780,"OrderedDict({'rz': 1660, 'sx': 1142, 'cx': 1013, 'reset': 10})"
11,2,10,138,123,"OrderedDict({'rz': 52, 'sx': 50, 'cx': 32, 'x': 4})",15,10,"OrderedDict({'rz': 6, 'sx': 6, 'reset': 2, 'cx': 1})"
11,3,10,626,563,"OrderedDict({'rz': 230, 'sx': 227, 'cx': 160, 'x': 9})",31,21,"OrderedDict({'rz': 12, 'sx': 12, 'cx': 4, 'reset': 3})"
11,4,10,992,707,"OrderedDict({'rz': 457, 'cx': 384, 'sx': 133, 'x': 18})",62,47,"OrderedDict({'rz': 25, 'sx': 22, 'cx': 11, 'reset': 4})"
11,5,10,3058,1996,"OrderedDict({'rz': 1481, 'cx': 1280, 'sx': 262, 'x': 35})",114,95,"OrderedDict({'rz': 45, 'sx': 38, 'cx': 26, 'reset': 5})"
11,6,10,6551,4941,"OrderedDict({'rz': 3148, 'cx': 2816, 'sx': 519, 'x': 68})",233,208,"OrderedDict({'rz': 96, 'sx': 74, 'cx': 57, 'reset': 6})"
11,7,10,25643,22930,"OrderedDict({'rz': 12190, 'cx': 10240, 'sx': 3080, 'x': 133})",479,448,"OrderedDict({'rz': 205, 'sx': 147, 'cx': 120, 'reset': 7})"
11,8,10,70991,58649,"OrderedDict({'rz': 33865, 'cx': 26624, 'sx': 10249, 'x': 253})",934,899,"OrderedDict({'rz': 400, 'sx': 279, 'cx': 247, 'reset': 8})"
11,9,10,164613,145005,"OrderedDict({'rz': 78085, 'cx': 61440, 'sx': 24586, 'x': 502})",1960,1919,"OrderedDict({'rz': 858, 'sx': 591, 'cx': 502, 'reset': 9})"
11,10,10,374057,324721,"OrderedDict({'rz': 176423, 'cx': 139264, 'sx': 57355, 'x': 1015})",4884,4838,"OrderedDict({'rz': 2288, 'sx': 1570, 'cx': 1013, 'reset': 10, 'x': 3})"
12,2,11,138,123,"OrderedDict({'rz': 52, 'sx': 50, 'cx': 32, 'x': 4})",15,10,"OrderedDict({'rz': 6, 'sx': 6, 'reset': 2, 'cx': 1})"
12,3,11,626,563,"OrderedDict({'rz': 230, 'sx': 227, 'cx': 160, 'x': 9})",31,21,"OrderedDict({'rz': 12, 'sx': 12, 'cx': 4, 'reset': 3})"
12,4,11,992,707,"OrderedDict({'rz': 457, 'cx': 384, 'sx': 133, 'x': 18})",62,47,"OrderedDict({'rz': 25, 'sx': 22, 'cx': 11, 'reset': 4})"
12,5,11,3058,1996,"OrderedDict({'rz': 1481, 'cx': 1280, 'sx': 262, 'x': 35})",120,100,"OrderedDict({'rz': 49, 'sx': 40, 'cx': 26, 'reset': 5})"
12,6,11,6550,4940,"OrderedDict({'rz': 3147, 'cx': 2816, 'sx': 519, 'x': 68})",235,210,"OrderedDict({'rz': 98, 'sx': 74, 'cx': 57, 'reset': 6})"
12,7,11,25643,22930,"OrderedDict({'rz': 12190, 'cx': 10240, 'sx': 3080, 'x': 133})",479,448,"OrderedDict({'rz': 205, 'sx': 147, 'cx': 120, 'reset': 7})"
12,8,11,70989,58649,"OrderedDict({'rz': 33863, 'cx': 26624, 'sx': 10249, 'x': 253})",912,877,"OrderedDict({'rz': 387, 'sx': 270, 'cx': 247, 'reset': 8})"
12,9,11,164611,145005,"OrderedDict({'rz': 78083, 'cx': 61440, 'sx': 24586, 'x': 502})",1872,1832,"OrderedDict({'rz': 807, 'sx': 554, 'cx': 502, 'reset': 9})"
12,10,11,374037,324721,"OrderedDict({'rz': 176403, 'cx': 139264, 'sx': 57355, 'x': 1015})",4084,4039,"OrderedDict({'rz': 1823, 'sx': 1238, 'cx': 1013, 'reset': 10})"
13,2,12,138,123,"OrderedDict({'rz': 52, 'sx': 50, 'cx': 32, 'x': 4})",15,10,"OrderedDict({'rz': 6, 'sx': 6, 'reset': 2, 'cx': 1})"
13,3,12,626,563,"OrderedDict({'rz': 230, 'sx': 227, 'cx': 160, 'x': 9})",31,21,"OrderedDict({'rz': 12, 'sx': 12, 'cx': 4, 'reset': 3})"
13,4,12,992,707,"OrderedDict({'rz': 457, 'cx': 384, 'sx': 133, 'x': 18})",62,47,"OrderedDict({'rz': 25, 'sx': 22, 'cx': 11, 'reset': 4})"
13,5,12,3058,1996,"OrderedDict({'rz': 1481, 'cx': 1280, 'sx': 262, 'x': 35})",138,117,"OrderedDict({'rz': 60, 'sx': 47, 'cx': 26, 'reset': 5})"
13,6,12,6551,4941,"OrderedDict({'rz': 3148, 'cx': 2816, 'sx': 519, 'x': 68})",235,210,"OrderedDict({'rz': 98, 'sx': 74, 'cx': 57, 'reset': 6})"
13,7,12,25645,22930,"OrderedDict({'rz': 12192, 'cx': 10240, 'sx': 3080, 'x': 133})",459,429,"OrderedDict({'rz': 192, 'sx': 140, 'cx': 120, 'reset': 7})"
13,8,12,70993,58649,"OrderedDict({'rz': 33867, 'cx': 26624, 'sx': 10249, 'x': 253})",1087,1051,"OrderedDict({'rz': 489, 'sx': 343, 'cx': 247, 'reset': 8})"
13,9,12,164615,145005,"OrderedDict({'rz': 78087, 'cx': 61440, 'sx': 24586, 'x': 502})",1810,1770,"OrderedDict({'rz': 771, 'sx': 528, 'cx': 502, 'reset': 9})"
13,10,12,374047,324721,"OrderedDict({'rz': 176413, 'cx': 139264, 'sx': 57355, 'x': 1015})",4482,4435,"OrderedDict({'rz': 2051, 'sx': 1403, 'cx': 1013, 'reset': 10, 'x': 5})"
14,2,13,138,123,"OrderedDict({'rz': 52, 'sx': 50, 'cx': 32, 'x': 4})",15,10,"OrderedDict({'rz': 6, 'sx': 6, 'reset': 2, 'cx': 1})"
14,3,13,626,563,"OrderedDict({'rz': 230, 'sx': 227, 'cx': 160, 'x': 9})",31,21,"OrderedDict({'rz': 12, 'sx': 12, 'cx': 4, 'reset': 3})"
14,4,13,992,707,"OrderedDict({'rz': 457, 'cx': 384, 'sx': 133, 'x': 18})",62,47,"OrderedDict({'rz': 25, 'sx': 22, 'cx': 11, 'reset': 4})"
14,5,13,3058,1996,"OrderedDict({'rz': 1481, 'cx': 1280, 'sx': 262, 'x': 35})",120,100,"OrderedDict({'rz': 49, 'sx': 40, 'cx': 26, 'reset': 5})"
14,6,13,6535,4925,"OrderedDict({'rz': 3140, 'cx': 2816, 'sx': 511, 'x': 68})",235,210,"OrderedDict({'rz': 98, 'sx': 74, 'cx': 57, 'reset': 6})"
14,7,13,25629,22926,"OrderedDict({'rz': 12184, 'cx': 10240, 'sx': 3072, 'x': 133})",461,431,"OrderedDict({'rz': 194, 'sx': 140, 'cx': 120, 'reset': 7})"
14,8,13,70977,58646,"OrderedDict({'rz': 33859, 'cx': 26624, 'sx': 10241, 'x': 253})",948,913,"OrderedDict({'rz': 406, 'sx': 287, 'cx': 247, 'reset': 8})"
14,9,13,164603,145002,"OrderedDict({'rz': 78083, 'cx': 61440, 'sx': 24578, 'x': 502})",2017,1975,"OrderedDict({'rz': 888, 'sx': 615, 'cx': 502, 'reset': 9, 'x': 3})"
14,10,13,374039,324718,"OrderedDict({'rz': 176413, 'cx': 139264, 'sx': 57347, 'x': 1015})",4465,4420,"OrderedDict({'rz': 2049, 'sx': 1391, 'cx': 1013, 'reset': 10, 'x': 2})"
15,2,14,138,123,"OrderedDict({'rz': 52, 'sx': 50, 'cx': 32, 'x': 4})",15,10,"OrderedDict({'rz': 6, 'sx': 6, 'reset': 2, 'cx': 1})"
15,3,14,626,563,"OrderedDict({'rz': 230, 'sx': 227, 'cx': 160, 'x': 9})",31,21,"OrderedDict({'rz': 12, 'sx': 12, 'cx': 4, 'reset': 3})"
15,4,14,992,707,"OrderedDict({'rz': 457, 'cx': 384, 'sx': 133, 'x': 18})",62,47,"OrderedDict({'rz': 25, 'sx': 22, 'cx': 11, 'reset': 4})"
15,5,14,3058,1996,"OrderedDict({'rz': 1481, 'cx': 1280, 'sx': 262, 'x': 35})",120,100,"OrderedDict({'rz': 49, 'sx': 40, 'cx': 26, 'reset': 5})"
15,6,14,6550,4940,"OrderedDict({'rz': 3147, 'cx': 2816, 'sx': 519, 'x': 68})",235,210,"OrderedDict({'rz': 98, 'sx': 74, 'cx': 57, 'reset': 6})"
15,7,14,25644,22930,"OrderedDict({'rz': 12191, 'cx': 10240, 'sx': 3080, 'x': 133})",461,431,"OrderedDict({'rz': 194, 'sx': 140, 'cx': 120, 'reset': 7})"
15,8,14,70993,58649,"OrderedDict({'rz': 33867, 'cx': 26624, 'sx': 10249, 'x': 253})",1104,1069,"OrderedDict({'rz': 500, 'sx': 348, 'cx': 247, 'reset': 8, 'x': 1})"
15,9,14,164609,145005,"OrderedDict({'rz': 78081, 'cx': 61440, 'sx': 24586, 'x': 502})",1956,1916,"OrderedDict({'rz': 858, 'sx': 587, 'cx': 502, 'reset': 9})"
15,10,14,374045,324721,"OrderedDict({'rz': 176411, 'cx': 139264, 'sx': 57355, 'x': 1015})",4787,4740,"OrderedDict({'rz': 2243, 'sx': 1521, 'cx': 1013, 'reset': 10})"
16,2,15,138,123,"OrderedDict({'rz': 52, 'sx': 50, 'cx': 32, 'x': 4})",15,10,"OrderedDict({'rz': 6, 'sx': 6, 'reset': 2, 'cx': 1})"
16,3,15,626,563,"OrderedDict({'rz': 230, 'sx': 227, 'cx': 160, 'x': 9})",31,21,"OrderedDict({'rz': 12, 'sx': 12, 'cx': 4, 'reset': 3})"
16,4,15,992,707,"OrderedDict({'rz': 457, 'cx': 384, 'sx': 133, 'x': 18})",62,47,"OrderedDict({'rz': 25, 'sx': 22, 'cx': 11, 'reset': 4})"
16,5,15,3058,1996,"OrderedDict({'rz': 1481, 'cx': 1280, 'sx': 262, 'x': 35})",120,100,"OrderedDict({'rz': 49, 'sx': 40, 'cx': 26, 'reset': 5})"
16,6,15,6550,4940,"OrderedDict({'rz': 3147, 'cx': 2816, 'sx': 519, 'x': 68})",235,210,"OrderedDict({'rz': 98, 'sx': 74, 'cx': 57, 'reset': 6})"
16,7,15,25644,22930,"OrderedDict({'rz': 12191, 'cx': 10240, 'sx': 3080, 'x': 133})",436,408,"OrderedDict({'rz': 169, 'sx': 136, 'cx': 120, 'reset': 7, 'x': 4})"
16,8,15,70993,58649,"OrderedDict({'rz': 33867, 'cx': 26624, 'sx': 10249, 'x': 253})",952,917,"OrderedDict({'rz': 409, 'sx': 288, 'cx': 247, 'reset': 8})"
16,9,15,164617,145005,"OrderedDict({'rz': 78089, 'cx': 61440, 'sx': 24586, 'x': 502})",1923,1882,"OrderedDict({'rz': 836, 'sx': 575, 'cx': 502, 'reset': 9, 'x': 1})"
16,10,15,374061,324721,"OrderedDict({'rz': 176427, 'cx': 139264, 'sx': 57355, 'x': 1015})",3866,3820,"OrderedDict({'rz': 1685, 'sx': 1158, 'cx': 1013, 'reset': 10})"
17,2,16,138,123,"OrderedDict({'rz': 52, 'sx': 50, 'cx': 32, 'x': 4})",15,10,"OrderedDict({'rz': 6, 'sx': 6, 'reset': 2, 'cx': 1})"
17,3,16,626,563,"OrderedDict({'rz': 230, 'sx': 227, 'cx': 160, 'x': 9})",31,21,"OrderedDict({'rz': 12, 'sx': 12, 'cx': 4, 'reset': 3})"
17,4,16,992,707,"OrderedDict({'rz': 457, 'cx': 384, 'sx': 133, 'x': 18})",62,47,"OrderedDict({'rz': 25, 'sx': 22, 'cx': 11, 'reset': 4})"
17,5,16,3058,1996,"OrderedDict({'rz': 1481, 'cx': 1280, 'sx': 262, 'x': 35})",120,100,"OrderedDict({'rz': 49, 'sx': 40, 'cx': 26, 'reset': 5})"
17,6,16,6550,4940,"OrderedDict({'rz': 3147, 'cx': 2816, 'sx': 519, 'x': 68})",235,210,"OrderedDict({'rz': 98, 'sx': 74, 'cx': 57, 'reset': 6})"
17,7,16,25644,22930,"OrderedDict({'rz': 12191, 'cx': 10240, 'sx': 3080, 'x': 133})",461,431,"OrderedDict({'rz': 194, 'sx': 140, 'cx': 120, 'reset': 7})"
17,8,16,70985,58646,"OrderedDict({'rz': 33867, 'cx': 26624, 'sx': 10241, 'x': 253})",947,912,"OrderedDict({'rz': 404, 'sx': 288, 'cx': 247, 'reset': 8})"
17,9,16,164601,145002,"OrderedDict({'rz': 78081, 'cx': 61440, 'sx': 24578, 'x': 502})",2110,2069,"OrderedDict({'rz': 948, 'sx': 651, 'cx': 502, 'reset': 9})"
17,10,16,374029,324718,"OrderedDict({'rz': 176403, 'cx': 139264, 'sx': 57347, 'x': 1015})",4450,4404,"OrderedDict({'rz': 2035, 'sx': 1389, 'cx': 1013, 'reset': 10, 'x': 3})"
18,2,17,138,123,"OrderedDict({'rz': 52, 'sx': 50, 'cx': 32, 'x': 4})",15,10,"OrderedDict({'rz': 6, 'sx': 6, 'reset': 2, 'cx': 1})"
18,3,17,626,563,"OrderedDict({'rz': 230, 'sx': 227, 'cx': 160, 'x': 9})",31,21,"OrderedDict({'rz': 12, 'sx': 12, 'cx': 4, 'reset': 3})"
18,4,17,992,707,"OrderedDict({'rz': 457, 'cx': 384, 'sx': 133, 'x': 18})",62,47,"OrderedDict({'rz': 25, 'sx': 22, 'cx': 11, 'reset': 4})"
18,5,17,3058,1996,"OrderedDict({'rz': 1481, 'cx': 1280, 'sx': 262, 'x': 35})",120,100,"OrderedDict({'rz': 49, 'sx': 40, 'cx': 26, 'reset': 5})"
18,6,17,6550,4940,"OrderedDict({'rz': 3147, 'cx': 2816, 'sx': 519, 'x': 68})",235,210,"OrderedDict({'rz': 98, 'sx': 74, 'cx': 57, 'reset': 6})"
18,7,17,25643,22930,"OrderedDict({'rz': 12190, 'cx': 10240, 'sx': 3080, 'x': 133})",461,431,"OrderedDict({'rz': 194, 'sx': 140, 'cx': 120, 'reset': 7})"
18,8,17,70991,58649,"OrderedDict({'rz': 33865, 'cx': 26624, 'sx': 10249, 'x': 253})",973,939,"OrderedDict({'rz': 405, 'sx': 301, 'cx': 247, 'x': 12, 'reset': 8})"
18,9,17,164609,145005,"OrderedDict({'rz': 78081, 'cx': 61440, 'sx': 24586, 'x': 502})",1964,1923,"OrderedDict({'rz': 862, 'sx': 591, 'cx': 502, 'reset': 9})"
18,10,17,374053,324721,"OrderedDict({'rz': 176419, 'cx': 139264, 'sx': 57355, 'x': 1015})",5211,5163,"OrderedDict({'rz': 2495, 'sx': 1691, 'cx': 1013, 'reset': 10, 'x': 2})"
19,2,18,138,123,"OrderedDict({'rz': 52, 'sx': 50, 'cx': 32, 'x': 4})",15,10,"OrderedDict({'rz': 6, 'sx': 6, 'reset': 2, 'cx': 1})"
19,3,18,626,563,"OrderedDict({'rz': 230, 'sx': 227, 'cx': 160, 'x': 9})",31,21,"OrderedDict({'rz': 12, 'sx': 12, 'cx': 4, 'reset': 3})"
19,4,18,992,707,"OrderedDict({'rz': 457, 'cx': 384, 'sx': 133, 'x': 18})",62,47,"OrderedDict({'rz': 25, 'sx': 22, 'cx': 11, 'reset': 4})"
19,5,18,3058,1996,"OrderedDict({'rz': 1481, 'cx': 1280, 'sx': 262, 'x': 35})",118,98,"OrderedDict({'rz': 47, 'sx': 40, 'cx': 26, 'reset': 5})"
19,6,18,6550,4940,"OrderedDict({'rz': 3147, 'cx': 2816, 'sx': 519, 'x': 68})",235,210,"OrderedDict({'rz': 98, 'sx': 74, 'cx': 57, 'reset': 6})"
19,7,18,25643,22930,"OrderedDict({'rz': 12190, 'cx': 10240, 'sx': 3080, 'x': 133})",461,431,"OrderedDict({'rz': 194, 'sx': 140, 'cx': 120, 'reset': 7})"
19,8,18,70991,58649,"OrderedDict({'rz': 33865, 'cx': 26624, 'sx': 10249, 'x': 253})",912,877,"OrderedDict({'rz': 387, 'sx': 270, 'cx': 247, 'reset': 8})"
19,9,18,164617,145005,"OrderedDict({'rz': 78089, 'cx': 61440, 'sx': 24586, 'x': 502})",2076,2035,"OrderedDict({'rz': 929, 'sx': 636, 'cx': 502, 'reset': 9})"
19,10,18,374049,324721,"OrderedDict({'rz': 176415, 'cx': 139264, 'sx': 57355, 'x': 1015})",4976,4929,"OrderedDict({'rz': 2353, 'sx': 1596, 'cx': 1013, 'reset': 10, 'x': 4})"
20,2,19,138,123,"OrderedDict({'rz': 52, 'sx': 50, 'cx': 32, 'x': 4})",15,10,"OrderedDict({'rz': 6, 'sx': 6, 'reset': 2, 'cx': 1})"
20,3,19,626,563,"OrderedDict({'rz': 230, 'sx': 227, 'cx': 160, 'x': 9})",31,21,"OrderedDict({'rz': 12, 'sx': 12, 'cx': 4, 'reset': 3})"
20,4,19,992,707,"OrderedDict({'rz': 457, 'cx': 384, 'sx': 133, 'x': 18})",62,47,"OrderedDict({'rz': 25, 'sx': 22, 'cx': 11, 'reset': 4})"
20,5,19,3058,1996,"OrderedDict({'rz': 1481, 'cx': 1280, 'sx': 262, 'x': 35})",120,100,"OrderedDict({'rz': 49, 'sx': 40, 'cx': 26, 'reset': 5})"
20,6,19,6550,4940,"OrderedDict({'rz': 3147, 'cx': 2816, 'sx': 519, 'x': 68})",235,210,"OrderedDict({'rz': 98, 'sx': 74, 'cx': 57, 'reset': 6})"
20,7,19,25643,22930,"OrderedDict({'rz': 12190, 'cx': 10240, 'sx': 3080, 'x': 133})",461,431,"OrderedDict({'rz': 194, 'sx': 140, 'cx': 120, 'reset': 7})"
20,8,19,70989,58649,"OrderedDict({'rz': 33863, 'cx': 26624, 'sx': 10249, 'x': 253})",989,952,"OrderedDict({'rz': 419, 'sx': 311, 'cx': 247, 'reset': 8, 'x': 4})"
20,9,19,164615,145005,"OrderedDict({'rz': 78087, 'cx': 61440, 'sx': 24586, 'x': 502})",2132,2091,"OrderedDict({'rz': 964, 'sx': 657, 'cx': 502, 'reset': 9})"
20,10,19,374051,324721,"OrderedDict({'rz': 176417, 'cx': 139264, 'sx': 57355, 'x': 1015})",4754,4707,"OrderedDict({'rz': 2219, 'sx': 1507, 'cx': 1013, 'reset': 10, 'x': 5})"
21,2,20,138,123,"OrderedDict({'rz': 52, 'sx': 50, 'cx': 32, 'x': 4})",15,10,"OrderedDict({'rz': 6, 'sx': 6, 'reset': 2, 'cx': 1})"
21,3,20,626,563,"OrderedDict({'rz': 230, 'sx': 227, 'cx': 160, 'x': 9})",31,21,"OrderedDict({'rz': 12, 'sx': 12, 'cx': 4, 'reset': 3})"
21,4,20,992,707,"OrderedDict({'rz': 457, 'cx': 384, 'sx': 133, 'x': 18})",62,47,"OrderedDict({'rz': 25, 'sx': 22, 'cx': 11, 'reset': 4})"
21,5,20,3058,1996,"OrderedDict({'rz': 1481, 'cx': 1280, 'sx': 262, 'x': 35})",120,100,"OrderedDict({'rz': 49, 'sx': 40, 'cx': 26, 'reset': 5})"
21,6,20,6550,4940,"OrderedDict({'rz': 3147, 'cx': 2816, 'sx': 519, 'x': 68})",235,210,"OrderedDict({'rz': 98, 'sx': 74, 'cx': 57, 'reset': 6})"
21,7,20,25643,22930,"OrderedDict({'rz': 12190, 'cx': 10240, 'sx': 3080, 'x': 133})",461,431,"OrderedDict({'rz': 194, 'sx': 140, 'cx': 120, 'reset': 7})"
21,8,20,70991,58649,"OrderedDict({'rz': 33865, 'cx': 26624, 'sx': 10249, 'x': 253})",990,954,"OrderedDict({'rz': 434, 'sx': 301, 'cx': 247, 'reset': 8})"
21,9,20,164613,145005,"OrderedDict({'rz': 78085, 'cx': 61440, 'sx': 24586, 'x': 502})",2118,2077,"OrderedDict({'rz': 949, 'sx': 655, 'cx': 502, 'reset': 9, 'x': 3})"
21,10,20,374055,324721,"OrderedDict({'rz': 176421, 'cx': 139264, 'sx': 57355, 'x': 1015})",4257,4211,"OrderedDict({'rz': 1922, 'sx': 1309, 'cx': 1013, 'reset': 10, 'x': 3})"
22,2,21,138,123,"OrderedDict({'rz': 52, 'sx': 50, 'cx': 32, 'x': 4})",15,10,"OrderedDict({'rz': 6, 'sx': 6, 'reset': 2, 'cx': 1})"
22,3,21,626,563,"OrderedDict({'rz': 230, 'sx': 227, 'cx': 160, 'x': 9})",31,21,"OrderedDict({'rz': 12, 'sx': 12, 'cx': 4, 'reset': 3})"
22,4,21,992,707,"OrderedDict({'rz': 457, 'cx': 384, 'sx': 133, 'x': 18})",62,47,"OrderedDict({'rz': 25, 'sx': 22, 'cx': 11, 'reset': 4})"
22,5,21,3058,1996,"OrderedDict({'rz': 1481, 'cx': 1280, 'sx': 262, 'x': 35})",120,100,"OrderedDict({'rz': 49, 'sx': 40, 'cx': 26, 'reset': 5})"
22,6,21,6550,4940,"OrderedDict({'rz': 3147, 'cx': 2816, 'sx': 519, 'x': 68})",235,210,"OrderedDict({'rz': 98, 'sx': 74, 'cx': 57, 'reset': 6})"
22,7,21,25644,22930,"OrderedDict({'rz': 12191, 'cx': 10240, 'sx': 3080, 'x': 133})",461,431,"OrderedDict({'rz': 194, 'sx': 140, 'cx': 120, 'reset': 7})"
22,8,21,70993,58649,"OrderedDict({'rz': 33867, 'cx': 26624, 'sx': 10249, 'x': 253})",908,873,"OrderedDict({'rz': 383, 'sx': 270, 'cx': 247, 'reset': 8})"
22,9,21,164615,145005,"OrderedDict({'rz': 78087, 'cx': 61440, 'sx': 24586, 'x': 502})",2188,2145,"OrderedDict({'rz': 989, 'sx': 688, 'cx': 502, 'reset': 9})"
22,10,21,374057,324721,"OrderedDict({'rz': 176423, 'cx': 139264, 'sx': 57355, 'x': 1015})",4387,4340,"OrderedDict({'rz': 2004, 'sx': 1358, 'cx': 1013, 'reset': 10, 'x': 2})"
23,2,22,138,123,"OrderedDict({'rz': 52, 'sx': 50, 'cx': 32, 'x': 4})",15,10,"OrderedDict({'rz': 6, 'sx': 6, 'reset': 2, 'cx': 1})"
23,3,22,626,563,"OrderedDict({'rz': 230, 'sx': 227, 'cx': 160, 'x': 9})",31,21,"OrderedDict({'rz': 12, 'sx': 12, 'cx': 4, 'reset': 3})"
23,4,22,992,707,"OrderedDict({'rz': 457, 'cx': 384, 'sx': 133, 'x': 18})",62,47,"OrderedDict({'rz': 25, 'sx': 22, 'cx': 11, 'reset': 4})"
23,5,22,3058,1996,"OrderedDict({'rz': 1481, 'cx': 1280, 'sx': 262, 'x': 35})",120,100,"OrderedDict({'rz': 49, 'sx': 40, 'cx': 26, 'reset': 5})"
23,6,22,6550,4940,"OrderedDict({'rz': 3147, 'cx': 2816, 'sx': 519, 'x': 68})",235,210,"OrderedDict({'rz': 98, 'sx': 74, 'cx': 57, 'reset': 6})"
23,7,22,25643,22930,"OrderedDict({'rz': 12190, 'cx': 10240, 'sx': 3080, 'x': 133})",453,423,"OrderedDict({'rz': 186, 'sx': 140, 'cx': 120, 'reset': 7})"
23,8,22,70993,58649,"OrderedDict({'rz': 33867, 'cx': 26624, 'sx': 10249, 'x': 253})",906,871,"OrderedDict({'rz': 378, 'sx': 270, 'cx': 247, 'reset': 8, 'x': 3})"
23,9,22,164615,145005,"OrderedDict({'rz': 78087, 'cx': 61440, 'sx': 24586, 'x': 502})",2074,2033,"OrderedDict({'rz': 925, 'sx': 636, 'cx': 502, 'reset': 9, 'x': 2})"
23,10,22,374047,324721,"OrderedDict({'rz': 176413, 'cx': 139264, 'sx': 57355, 'x': 1015})",4330,4284,"OrderedDict({'rz': 1961, 'sx': 1343, 'cx': 1013, 'reset': 10, 'x': 3})"
24,2,23,138,123,"OrderedDict({'rz': 52, 'sx': 50, 'cx': 32, 'x': 4})",15,10,"OrderedDict({'rz': 6, 'sx': 6, 'reset': 2, 'cx': 1})"
24,3,23,626,563,"OrderedDict({'rz': 230, 'sx': 227, 'cx': 160, 'x': 9})",31,21,"OrderedDict({'rz': 12, 'sx': 12, 'cx': 4, 'reset': 3})"
24,4,23,992,707,"OrderedDict({'rz': 457, 'cx': 384, 'sx': 133, 'x': 18})",62,47,"OrderedDict({'rz': 25, 'sx': 22, 'cx': 11, 'reset': 4})"
24,5,23,3058,1996,"OrderedDict({'rz': 1481, 'cx': 1280, 'sx': 262, 'x': 35})",120,100,"OrderedDict({'rz': 49, 'sx': 40, 'cx': 26, 'reset': 5})"
24,6,23,6552,4942,"OrderedDict({'rz': 3149, 'cx': 2816, 'sx': 519, 'x': 68})",235,210,"OrderedDict({'rz': 98, 'sx': 74, 'cx': 57, 'reset': 6})"
24,7,23,25646,22930,"OrderedDict({'rz': 12193, 'cx': 10240, 'sx': 3080, 'x': 133})",461,431,"OrderedDict({'rz': 194, 'sx': 140, 'cx': 120, 'reset': 7})"
24,8,23,70997,58649,"OrderedDict({'rz': 33871, 'cx': 26624, 'sx': 10249, 'x': 253})",912,877,"OrderedDict({'rz': 387, 'sx': 270, 'cx': 247, 'reset': 8})"
24,9,23,164621,145005,"OrderedDict({'rz': 78093, 'cx': 61440, 'sx': 24586, 'x': 502})",1985,1945,"OrderedDict({'rz': 868, 'sx': 605, 'cx': 502, 'reset': 9, 'x': 1})"
24,10,23,374047,324721,"OrderedDict({'rz': 176413, 'cx': 139264, 'sx': 57355, 'x': 1015})",4353,4307,"OrderedDict({'rz': 1979, 'sx': 1348, 'cx': 1013, 'reset': 10, 'x': 3})"
25,2,24,138,123,"OrderedDict({'rz': 52, 'sx': 50, 'cx': 32, 'x': 4})",15,10,"OrderedDict({'rz': 6, 'sx': 6, 'reset': 2, 'cx': 1})"
25,3,24,626,563,"OrderedDict({'rz': 230, 'sx': 227, 'cx': 160, 'x': 9})",31,21,"OrderedDict({'rz': 12, 'sx': 12, 'cx': 4, 'reset': 3})"
25,4,24,992,707,"OrderedDict({'rz': 457, 'cx': 384, 'sx': 133, 'x': 18})",62,47,"OrderedDict({'rz': 25, 'sx': 22, 'cx': 11, 'reset': 4})"
25,5,24,3058,1996,"OrderedDict({'rz': 1481, 'cx': 1280, 'sx': 262, 'x': 35})",120,100,"OrderedDict({'rz': 49, 'sx': 40, 'cx': 26, 'reset': 5})"
25,6,24,6551,4941,"OrderedDict({'rz': 3148, 'cx': 2816, 'sx': 519, 'x': 68})",235,210,"OrderedDict({'rz': 98, 'sx': 74, 'cx': 57, 'reset': 6})"
25,7,24,25644,22930,"OrderedDict({'rz': 12191, 'cx': 10240, 'sx': 3080, 'x': 133})",457,427,"OrderedDict({'rz': 190, 'sx': 140, 'cx': 120, 'reset': 7})"
25,8,24,70993,58649,"OrderedDict({'rz': 33867, 'cx': 26624, 'sx': 10249, 'x': 253})",998,963,"OrderedDict({'rz': 438, 'sx': 305, 'cx': 247, 'reset': 8})"
25,9,24,164621,145005,"OrderedDict({'rz': 78093, 'cx': 61440, 'sx': 24586, 'x': 502})",2161,2120,"OrderedDict({'rz': 979, 'sx': 671, 'cx': 502, 'reset': 9})"
25,10,24,374067,324721,"OrderedDict({'rz': 176433, 'cx': 139264, 'sx': 57355, 'x': 1015})",4314,4268,"OrderedDict({'rz': 1959, 'sx': 1332, 'cx': 1013, 'reset': 10})"
26,2,25,138,123,"OrderedDict({'rz': 52, 'sx': 50, 'cx': 32, 'x': 4})",15,10,"OrderedDict({'rz': 6, 'sx': 6, 'reset': 2, 'cx': 1})"
26,3,25,626,563,"OrderedDict({'rz': 230, 'sx': 227, 'cx': 160, 'x': 9})",31,21,"OrderedDict({'rz': 12, 'sx': 12, 'cx': 4, 'reset': 3})"
26,4,25,992,707,"OrderedDict({'rz': 457, 'cx': 384, 'sx': 133, 'x': 18})",62,47,"OrderedDict({'rz': 25, 'sx': 22, 'cx': 11, 'reset': 4})"
26,5,25,3058,1996,"OrderedDict({'rz': 1481, 'cx': 1280, 'sx': 262, 'x': 35})",120,100,"OrderedDict({'rz': 49, 'sx': 40, 'cx': 26, 'reset': 5})"
26,6,25,6550,4940,"OrderedDict({'rz': 3147, 'cx': 2816, 'sx': 519, 'x': 68})",233,208,"OrderedDict({'rz': 96, 'sx': 74, 'cx': 57, 'reset': 6})"
26,7,25,25643,22930,"OrderedDict({'rz': 12190, 'cx': 10240, 'sx': 3080, 'x': 133})",461,431,"OrderedDict({'rz': 194, 'sx': 140, 'cx': 120, 'reset': 7})"
26,8,25,70993,58649,"OrderedDict({'rz': 33867, 'cx': 26624, 'sx': 10249, 'x': 253})",912,877,"OrderedDict({'rz': 387, 'sx': 270, 'cx': 247, 'reset': 8})"
26,9,25,164613,145005,"OrderedDict({'rz': 78085, 'cx': 61440, 'sx': 24586, 'x': 502})",1842,1802,"OrderedDict({'rz': 784, 'sx': 545, 'cx': 502, 'reset': 9, 'x': 2})"
26,10,25,374045,324721,"OrderedDict({'rz': 176411, 'cx': 139264, 'sx': 57355, 'x': 1015})",4358,4312,"OrderedDict({'rz': 1976, 'sx': 1351, 'cx': 1013, 'reset': 10, 'x': 8})"
27,2,26,138,123,"OrderedDict({'rz': 52, 'sx': 50, 'cx': 32, 'x': 4})",15,10,"OrderedDict({'rz': 6, 'sx': 6, 'reset': 2, 'cx': 1})"
27,3,26,626,563,"OrderedDict({'rz': 230, 'sx': 227, 'cx': 160, 'x': 9})",31,21,"OrderedDict({'rz': 12, 'sx': 12, 'cx': 4, 'reset': 3})"
27,4,26,992,707,"OrderedDict({'rz': 457, 'cx': 384, 'sx': 133, 'x': 18})",62,47,"OrderedDict({'rz': 25, 'sx': 22, 'cx': 11, 'reset': 4})"
27,5,26,3058,1996,"OrderedDict({'rz': 1481, 'cx': 1280, 'sx': 262, 'x': 35})",120,100,"OrderedDict({'rz': 49, 'sx': 40, 'cx': 26, 'reset': 5})"
27,6,26,6550,4940,"OrderedDict({'rz': 3147, 'cx': 2816, 'sx': 519, 'x': 68})",235,210,"OrderedDict({'rz': 98, 'sx': 74, 'cx': 57, 'reset': 6})"
27,7,26,25643,22930,"OrderedDict({'rz': 12190, 'cx': 10240, 'sx': 3080, 'x': 133})",461,431,"OrderedDict({'rz': 194, 'sx': 140, 'cx': 120, 'reset': 7})"
27,8,26,70995,58649,"OrderedDict({'rz': 33869, 'cx': 26624, 'sx': 10249, 'x': 253})",990,954,"OrderedDict({'rz': 434, 'sx': 301, 'cx': 247, 'reset': 8})"
27,9,26,164619,145005,"OrderedDict({'rz': 78091, 'cx': 61440, 'sx': 24586, 'x': 502})",1914,1874,"OrderedDict({'rz': 825, 'sx': 578, 'cx': 502, 'reset': 9})"
27,10,26,374055,324721,"OrderedDict({'rz': 176421, 'cx': 139264, 'sx': 57355, 'x': 1015})",4391,4344,"OrderedDict({'rz': 2009, 'sx': 1357, 'cx': 1013, 'reset': 10, 'x': 2})"
28,2,27,138,123,"OrderedDict({'rz': 52, 'sx': 50, 'cx': 32, 'x': 4})",15,10,"OrderedDict({'rz': 6, 'sx': 6, 'reset': 2, 'cx': 1})"
28,3,27,626,563,"OrderedDict({'rz': 230, 'sx': 227, 'cx': 160, 'x': 9})",31,21,"OrderedDict({'rz': 12, 'sx': 12, 'cx': 4, 'reset': 3})"
28,4,27,992,707,"OrderedDict({'rz': 457, 'cx': 384, 'sx': 133, 'x': 18})",62,47,"OrderedDict({'rz': 25, 'sx': 22, 'cx': 11, 'reset': 4})"
28,5,27,3058,1996,"OrderedDict({'rz': 1481, 'cx': 1280, 'sx': 262, 'x': 35})",120,100,"OrderedDict({'rz': 49, 'sx': 40, 'cx': 26, 'reset': 5})"
28,6,27,6550,4940,"OrderedDict({'rz': 3147, 'cx': 2816, 'sx': 519, 'x': 68})",235,210,"OrderedDict({'rz': 98, 'sx': 74, 'cx': 57, 'reset': 6})"
28,7,27,25643,22930,"OrderedDict({'rz': 12190, 'cx': 10240, 'sx': 3080, 'x': 133})",461,431,"OrderedDict({'rz': 194, 'sx': 140, 'cx': 120, 'reset': 7})"
28,8,27,70989,58649,"OrderedDict({'rz': 33863, 'cx': 26624, 'sx': 10249, 'x': 253})",992,956,"OrderedDict({'rz': 435, 'sx': 302, 'cx': 247, 'reset': 8})"
28,9,27,164615,145005,"OrderedDict({'rz': 78087, 'cx': 61440, 'sx': 24586, 'x': 502})",1852,1812,"OrderedDict({'rz': 796, 'sx': 545, 'cx': 502, 'reset': 9})"
28,10,27,374051,324721,"OrderedDict({'rz': 176417, 'cx': 139264, 'sx': 57355, 'x': 1015})",4086,4040,"OrderedDict({'rz': 1811, 'sx': 1245, 'cx': 1013, 'reset': 10, 'x': 7})"
29,2,28,138,123,"OrderedDict({'rz': 52, 'sx': 50, 'cx': 32, 'x': 4})",15,10,"OrderedDict({'rz': 6, 'sx': 6, 'reset': 2, 'cx': 1})"
29,3,28,626,563,"OrderedDict({'rz': 230, 'sx': 227, 'cx': 160, 'x': 9})",31,21,"OrderedDict({'rz': 12, 'sx': 12, 'cx': 4, 'reset': 3})"
29,4,28,992,707,"OrderedDict({'rz': 457, 'cx': 384, 'sx': 133, 'x': 18})",62,47,"OrderedDict({'rz': 25, 'sx': 22, 'cx': 11, 'reset': 4})"
29,5,28,3058,1996,"OrderedDict({'rz': 1481, 'cx': 1280, 'sx': 262, 'x': 35})",120,100,"OrderedDict({'rz': 49, 'sx': 40, 'cx': 26, 'reset': 5})"
29,6,28,6550,4940,"OrderedDict({'rz': 3147, 'cx': 2816, 'sx': 519, 'x': 68})",235,210,"OrderedDict({'rz': 98, 'sx': 74, 'cx': 57, 'reset': 6})"
29,7,28,25643,22930,"OrderedDict({'rz': 12190, 'cx': 10240, 'sx': 3080, 'x': 133})",461,431,"OrderedDict({'rz': 194, 'sx': 140, 'cx': 120, 'reset': 7})"
29,8,28,70989,58649,"OrderedDict({'rz': 33863, 'cx': 26624, 'sx': 10249, 'x': 253})",910,875,"OrderedDict({'rz': 385, 'sx': 270, 'cx': 247, 'reset': 8})"
29,9,28,164617,145005,"OrderedDict({'rz': 78089, 'cx': 61440, 'sx': 24586, 'x': 502})",2277,2235,"OrderedDict({'rz': 1044, 'sx': 719, 'cx': 502, 'reset': 9, 'x': 3})"
29,10,28,374057,324721,"OrderedDict({'rz': 176423, 'cx': 139264, 'sx': 57355, 'x': 1015})",4041,3995,"OrderedDict({'rz': 1789, 'sx': 1225, 'cx': 1013, 'reset': 10, 'x': 4})"
30,2,29,138,123,"OrderedDict({'rz': 52, 'sx': 50, 'cx': 32, 'x': 4})",15,10,"OrderedDict({'rz': 6, 'sx': 6, 'reset': 2, 'cx': 1})"
30,3,29,626,563,"OrderedDict({'rz': 230, 'sx': 227, 'cx': 160, 'x': 9})",31,21,"OrderedDict({'rz': 12, 'sx': 12, 'cx': 4, 'reset': 3})"
30,4,29,992,707,"OrderedDict({'rz': 457, 'cx': 384, 'sx': 133, 'x': 18})",62,47,"OrderedDict({'rz': 25, 'sx': 22, 'cx': 11, 'reset': 4})"
30,5,29,3058,1996,"OrderedDict({'rz': 1481, 'cx': 1280, 'sx': 262, 'x': 35})",120,100,"OrderedDict({'rz': 49, 'sx': 40, 'cx': 26, 'reset': 5})"
30,6,29,6551,4941,"OrderedDict({'rz': 3148, 'cx': 2816, 'sx': 519, 'x': 68})",235,210,"OrderedDict({'rz': 98, 'sx': 74, 'cx': 57, 'reset': 6})"
30,7,29,25646,22930,"OrderedDict({'rz': 12193, 'cx': 10240, 'sx': 3080, 'x': 133})",499,468,"OrderedDict({'rz': 217, 'sx': 155, 'cx': 120, 'reset': 7})"
30,8,29,70997,58649,"OrderedDict({'rz': 33871, 'cx': 26624, 'sx': 10249, 'x': 253})",902,867,"OrderedDict({'rz': 377, 'sx': 270, 'cx': 247, 'reset': 8})"
30,9,29,164619,145005,"OrderedDict({'rz': 78091, 'cx': 61440, 'sx': 24586, 'x': 502})",2170,2128,"OrderedDict({'rz': 985, 'sx': 674, 'cx': 502, 'reset': 9})"
30,10,29,374043,324718,"OrderedDict({'rz': 176417, 'cx': 139264, 'sx': 57347, 'x': 1015})",4531,4482,"OrderedDict({'rz': 2095, 'sx': 1413, 'cx': 1013, 'reset': 10})"
31,2,30,138,123,"OrderedDict({'rz': 52, 'sx': 50, 'cx': 32, 'x': 4})",15,10,"OrderedDict({'rz': 6, 'sx': 6, 'reset': 2, 'cx': 1})"
31,3,30,626,563,"OrderedDict({'rz': 230, 'sx': 227, 'cx': 160, 'x': 9})",31,21,"OrderedDict({'rz': 12, 'sx': 12, 'cx': 4, 'reset': 3})"
31,4,30,992,707,"OrderedDict({'rz': 457, 'cx': 384, 'sx': 133, 'x': 18})",62,47,"OrderedDict({'rz': 25, 'sx': 22, 'cx': 11, 'reset': 4})"
31,5,30,3058,1996,"OrderedDict({'rz': 1481, 'cx': 1280, 'sx': 262, 'x': 35})",120,100,"OrderedDict({'rz': 49, 'sx': 40, 'cx': 26, 'reset': 5})"
31,6,30,6550,4940,"OrderedDict({'rz': 3147, 'cx': 2816, 'sx': 519, 'x': 68})",235,210,"OrderedDict({'rz': 98, 'sx': 74, 'cx': 57, 'reset': 6})"
31,7,30,25643,22930,"OrderedDict({'rz': 12190, 'cx': 10240, 'sx': 3080, 'x': 133})",461,431,"OrderedDict({'rz': 194, 'sx': 140, 'cx': 120, 'reset': 7})"
31,8,30,70989,58649,"OrderedDict({'rz': 33863, 'cx': 26624, 'sx': 10249, 'x': 253})",990,954,"OrderedDict({'rz': 434, 'sx': 301, 'cx': 247, 'reset': 8})"
31,9,30,164615,145005,"OrderedDict({'rz': 78087, 'cx': 61440, 'sx': 24586, 'x': 502})",1834,1793,"OrderedDict({'rz': 778, 'sx': 544, 'cx': 502, 'reset': 9, 'x': 1})"
31,10,30,374033,324721,"OrderedDict({'rz': 176399, 'cx': 139264, 'sx': 57355, 'x': 1015})",4979,4932,"OrderedDict({'rz': 2358, 'sx': 1597, 'cx': 1013, 'reset': 10, 'x': 1})"
32,2,31,138,123,"OrderedDict({'rz': 52, 'sx': 50, 'cx': 32, 'x': 4})",15,10,"OrderedDict({'rz': 6, 'sx': 6, 'reset': 2, 'cx': 1})"
32,3,31,626,563,"OrderedDict({'rz': 230, 'sx': 227, 'cx': 160, 'x': 9})",31,21,"OrderedDict({'rz': 12, 'sx': 12, 'cx': 4, 'reset': 3})"
32,4,31,992,707,"OrderedDict({'rz': 457, 'cx': 384, 'sx': 133, 'x': 18})",62,47,"OrderedDict({'rz': 25, 'sx': 22, 'cx': 11, 'reset': 4})"
32,5,31,3058,1996,"OrderedDict({'rz': 1481, 'cx': 1280, 'sx': 262, 'x': 35})",120,100,"OrderedDict({'rz': 49, 'sx': 40, 'cx': 26, 'reset': 5})"
32,6,31,6550,4940,"OrderedDict({'rz': 3147, 'cx': 2816, 'sx': 519, 'x': 68})",234,209,"OrderedDict({'rz': 97, 'sx': 74, 'cx': 57, 'reset': 6})"
32,7,31,25643,22930,"OrderedDict({'rz': 12190, 'cx': 10240, 'sx': 3080, 'x': 133})",459,429,"OrderedDict({'rz': 192, 'sx': 140, 'cx': 120, 'reset': 7})"
32,8,31,70993,58649,"OrderedDict({'rz': 33867, 'cx': 26624, 'sx': 10249, 'x': 253})",910,875,"OrderedDict({'rz': 385, 'sx': 270, 'cx': 247, 'reset': 8})"
32,9,31,164617,145005,"OrderedDict({'rz': 78089, 'cx': 61440, 'sx': 24586, 'x': 502})",2025,1983,"OrderedDict({'rz': 899, 'sx': 615, 'cx': 502, 'reset': 9})"
32,10,31,374039,324721,"OrderedDict({'rz': 176405, 'cx': 139264, 'sx': 57355, 'x': 1015})",4608,4560,"OrderedDict({'rz': 2129, 'sx': 1453, 'cx': 1013, 'reset': 10, 'x': 3})"
33,2,32,138,123,"OrderedDict({'rz': 52, 'sx': 50, 'cx': 32, 'x': 4})",15,10,"OrderedDict({'rz': 6, 'sx': 6, 'reset': 2, 'cx': 1})"
33,3,32,626,563,"OrderedDict({'rz': 230, 'sx': 227, 'cx': 160, 'x': 9})",31,21,"OrderedDict({'rz': 12, 'sx': 12, 'cx': 4, 'reset': 3})"
33,4,32,992,707,"OrderedDict({'rz': 457, 'cx': 384, 'sx': 133, 'x': 18})",62,47,"OrderedDict({'rz': 25, 'sx': 22, 'cx': 11, 'reset': 4})"
33,5,32,3058,1996,"OrderedDict({'rz': 1481, 'cx': 1280, 'sx': 262, 'x': 35})",120,100,"OrderedDict({'rz': 49, 'sx': 40, 'cx': 26, 'reset': 5})"
33,6,32,6550,4940,"OrderedDict({'rz': 3147, 'cx': 2816, 'sx': 519, 'x': 68})",235,210,"OrderedDict({'rz': 98, 'sx': 74, 'cx': 57, 'reset': 6})"
33,7,32,25643,22930,"OrderedDict({'rz': 12190, 'cx': 10240, 'sx': 3080, 'x': 133})",461,431,"OrderedDict({'rz': 194, 'sx': 140, 'cx': 120, 'reset': 7})"
33,8,32,70993,58649,"OrderedDict({'rz': 33867, 'cx': 26624, 'sx': 10249, 'x': 253})",1062,1026,"OrderedDict({'rz': 473, 'sx': 334, 'cx': 247, 'reset': 8})"
33,9,32,164617,145005,"OrderedDict({'rz': 78089, 'cx': 61440, 'sx': 24586, 'x': 502})",2041,2000,"OrderedDict({'rz': 901, 'sx': 626, 'cx': 502, 'reset': 9, 'x': 3})"
33,10,32,374049,324721,"OrderedDict({'rz': 176415, 'cx': 139264, 'sx': 57355, 'x': 1015})",4288,4241,"OrderedDict({'rz': 1945, 'sx': 1320, 'cx': 1013, 'reset': 10})"
34,2,33,138,123,"OrderedDict({'rz': 52, 'sx': 50, 'cx': 32, 'x': 4})",15,10,"OrderedDict({'rz': 6, 'sx': 6, 'reset': 2, 'cx': 1})"
34,3,33,626,563,"OrderedDict({'rz': 230, 'sx': 227, 'cx': 160, 'x': 9})",31,21,"OrderedDict({'rz': 12, 'sx': 12, 'cx': 4, 'reset': 3})"
34,4,33,992,707,"OrderedDict({'rz': 457, 'cx': 384, 'sx': 133, 'x': 18})",62,47,"OrderedDict({'rz': 25, 'sx': 22, 'cx': 11, 'reset': 4})"
34,5,33,3058,1996,"OrderedDict({'rz': 1481, 'cx': 1280, 'sx': 262, 'x': 35})",120,100,"OrderedDict({'rz': 49, 'sx': 40, 'cx': 26, 'reset': 5})"
34,6,33,6550,4940,"OrderedDict({'rz': 3147, 'cx': 2816, 'sx': 519, 'x': 68})",235,210,"OrderedDict({'rz': 98, 'sx': 74, 'cx': 57, 'reset': 6})"
34,7,33,25643,22930,"OrderedDict({'rz': 12190, 'cx': 10240, 'sx': 3080, 'x': 133})",461,431,"OrderedDict({'rz': 194, 'sx': 140, 'cx': 120, 'reset': 7})"
34,8,33,70991,58649,"OrderedDict({'rz': 33865, 'cx': 26624, 'sx': 10249, 'x': 253})",970,935,"OrderedDict({'rz': 418, 'sx': 294, 'cx': 247, 'reset': 8, 'x': 3})"
34,9,33,164619,145005,"OrderedDict({'rz': 78091, 'cx': 61440, 'sx': 24586, 'x': 502})",1796,1756,"OrderedDict({'rz': 756, 'sx': 528, 'cx': 502, 'reset': 9, 'x': 1})"
34,10,33,374041,324721,"OrderedDict({'rz': 176407, 'cx': 139264, 'sx': 57355, 'x': 1015})",3969,3924,"OrderedDict({'rz': 1754, 'sx': 1189, 'cx': 1013, 'reset': 10, 'x': 3})"
35,2,34,138,123,"OrderedDict({'rz': 52, 'sx': 50, 'cx': 32, 'x': 4})",15,10,"OrderedDict({'rz': 6, 'sx': 6, 'reset': 2, 'cx': 1})"
35,3,34,626,563,"OrderedDict({'rz': 230, 'sx': 227, 'cx': 160, 'x': 9})",31,21,"OrderedDict({'rz': 12, 'sx': 12, 'cx': 4, 'reset': 3})"
35,4,34,992,707,"OrderedDict({'rz': 457, 'cx': 384, 'sx': 133, 'x': 18})",62,47,"OrderedDict({'rz': 25, 'sx': 22, 'cx': 11, 'reset': 4})"
35,5,34,3058,1996,"OrderedDict({'rz': 1481, 'cx': 1280, 'sx': 262, 'x': 35})",118,98,"OrderedDict({'rz': 47, 'sx': 40, 'cx': 26, 'reset': 5})"
35,6,34,6550,4940,"OrderedDict({'rz': 3147, 'cx': 2816, 'sx': 519, 'x': 68})",235,210,"OrderedDict({'rz': 98, 'sx': 74, 'cx': 57, 'reset': 6})"
35,7,34,25644,22930,"OrderedDict({'rz': 12191, 'cx': 10240, 'sx': 3080, 'x': 133})",461,431,"OrderedDict({'rz': 194, 'sx': 140, 'cx': 120, 'reset': 7})"
35,8,34,70995,58649,"OrderedDict({'rz': 33869, 'cx': 26624, 'sx': 10249, 'x': 253})",930,895,"OrderedDict({'rz': 396, 'sx': 279, 'cx': 247, 'reset': 8})"
35,9,34,164619,145005,"OrderedDict({'rz': 78091, 'cx': 61440, 'sx': 24586, 'x': 502})",1874,1834,"OrderedDict({'rz': 808, 'sx': 555, 'cx': 502, 'reset': 9})"
35,10,34,374051,324721,"OrderedDict({'rz': 176417, 'cx': 139264, 'sx': 57355, 'x': 1015})",4619,4572,"OrderedDict({'rz': 2126, 'sx': 1470, 'cx': 1013, 'reset': 10})"
36,2,35,138,123,"OrderedDict({'rz': 52, 'sx': 50, 'cx': 32, 'x': 4})",15,10,"OrderedDict({'rz': 6, 'sx': 6, 'reset': 2, 'cx': 1})"
36,3,35,626,563,"OrderedDict({'rz': 230, 'sx': 227, 'cx': 160, 'x': 9})",31,21,"OrderedDict({'rz': 12, 'sx': 12, 'cx': 4, 'reset': 3})"
36,4,35,992,707,"OrderedDict({'rz': 457, 'cx': 384, 'sx': 133, 'x': 18})",62,47,"OrderedDict({'rz': 25, 'sx': 22, 'cx': 11, 'reset': 4})"
36,5,35,3058,1996,"OrderedDict({'rz': 1481, 'cx': 1280, 'sx': 262, 'x': 35})",115,95,"OrderedDict({'rz': 44, 'sx': 40, 'cx': 26, 'reset': 5})"
36,6,35,6550,4940,"OrderedDict({'rz': 3147, 'cx': 2816, 'sx': 519, 'x': 68})",273,247,"OrderedDict({'rz': 121, 'sx': 89, 'cx': 57, 'reset': 6})"
36,7,35,25644,22930,"OrderedDict({'rz': 12191, 'cx': 10240, 'sx': 3080, 'x': 133})",461,431,"OrderedDict({'rz': 194, 'sx': 140, 'cx': 120, 'reset': 7})"
36,8,35,70991,58649,"OrderedDict({'rz': 33865, 'cx': 26624, 'sx': 10249, 'x': 253})",908,873,"OrderedDict({'rz': 383, 'sx': 270, 'cx': 247, 'reset': 8})"
36,9,35,164615,145005,"OrderedDict({'rz': 78087, 'cx': 61440, 'sx': 24586, 'x': 502})",1802,1762,"OrderedDict({'rz': 759, 'sx': 528, 'cx': 502, 'reset': 9, 'x': 4})"
36,10,35,374043,324721,"OrderedDict({'rz': 176409, 'cx': 139264, 'sx': 57355, 'x': 1015})",4185,4138,"OrderedDict({'rz': 1868, 'sx': 1294, 'cx': 1013, 'reset': 10})"
37,2,36,138,123,"OrderedDict({'rz': 52, 'sx': 50, 'cx': 32, 'x': 4})",15,10,"OrderedDict({'rz': 6, 'sx': 6, 'reset': 2, 'cx': 1})"
37,3,36,626,563,"OrderedDict({'rz': 230, 'sx': 227, 'cx': 160, 'x': 9})",31,21,"OrderedDict({'rz': 12, 'sx': 12, 'cx': 4, 'reset': 3})"
37,4,36,992,707,"OrderedDict({'rz': 457, 'cx': 384, 'sx': 133, 'x': 18})",62,47,"OrderedDict({'rz': 25, 'sx': 22, 'cx': 11, 'reset': 4})"
37,5,36,3058,1996,"OrderedDict({'rz': 1481, 'cx': 1280, 'sx': 262, 'x': 35})",120,100,"OrderedDict({'rz': 49, 'sx': 40, 'cx': 26, 'reset': 5})"
37,6,36,6551,4941,"OrderedDict({'rz': 3148, 'cx': 2816, 'sx': 519, 'x': 68})",235,210,"OrderedDict({'rz': 98, 'sx': 74, 'cx': 57, 'reset': 6})"
37,7,36,25643,22930,"OrderedDict({'rz': 12190, 'cx': 10240, 'sx': 3080, 'x': 133})",461,431,"OrderedDict({'rz': 194, 'sx': 140, 'cx': 120, 'reset': 7})"
37,8,36,70991,58649,"OrderedDict({'rz': 33865, 'cx': 26624, 'sx': 10249, 'x': 253})",904,869,"OrderedDict({'rz': 379, 'sx': 270, 'cx': 247, 'reset': 8})"
37,9,36,164615,145005,"OrderedDict({'rz': 78087, 'cx': 61440, 'sx': 24586, 'x': 502})",1776,1736,"OrderedDict({'rz': 737, 'sx': 528, 'cx': 502, 'reset': 9})"
37,10,36,374047,324721,"OrderedDict({'rz': 176413, 'cx': 139264, 'sx': 57355, 'x': 1015})",4881,4833,"OrderedDict({'rz': 2287, 'sx': 1569, 'cx': 1013, 'reset': 10, 'x': 2})"
38,2,37,138,123,"OrderedDict({'rz': 52, 'sx': 50, 'cx': 32, 'x': 4})",15,10,"OrderedDict({'rz': 6, 'sx': 6, 'reset': 2, 'cx': 1})"
38,3,37,626,563,"OrderedDict({'rz': 230, 'sx': 227, 'cx': 160, 'x': 9})",31,21,"OrderedDict({'rz': 12, 'sx': 12, 'cx': 4, 'reset': 3})"
38,4,37,992,707,"OrderedDict({'rz': 457, 'cx': 384, 'sx': 133, 'x': 18})",62,47,"OrderedDict({'rz': 25, 'sx': 22, 'cx': 11, 'reset': 4})"
38,5,37,3058,1996,"OrderedDict({'rz': 1481, 'cx': 1280, 'sx': 262, 'x': 35})",120,100,"OrderedDict({'rz': 49, 'sx': 40, 'cx': 26, 'reset': 5})"
38,6,37,6551,4941,"OrderedDict({'rz': 3148, 'cx': 2816, 'sx': 519, 'x': 68})",235,210,"OrderedDict({'rz': 98, 'sx': 74, 'cx': 57, 'reset': 6})"
38,7,37,25645,22930,"OrderedDict({'rz': 12192, 'cx': 10240, 'sx': 3080, 'x': 133})",461,431,"OrderedDict({'rz': 194, 'sx': 140, 'cx': 120, 'reset': 7})"
38,8,37,70993,58649,"OrderedDict({'rz': 33867, 'cx': 26624, 'sx': 10249, 'x': 253})",1150,1113,"OrderedDict({'rz': 530, 'sx': 365, 'cx': 247, 'reset': 8})"
38,9,37,164619,145005,"OrderedDict({'rz': 78091, 'cx': 61440, 'sx': 24586, 'x': 502})",2006,1965,"OrderedDict({'rz': 886, 'sx': 609, 'cx': 502, 'reset': 9})"
38,10,37,374043,324721,"OrderedDict({'rz': 176409, 'cx': 139264, 'sx': 57355, 'x': 1015})",4692,4645,"OrderedDict({'rz': 2189, 'sx': 1479, 'cx': 1013, 'reset': 10, 'x': 1})"
39,2,38,138,123,"OrderedDict({'rz': 52, 'sx': 50, 'cx': 32, 'x': 4})",15,10,"OrderedDict({'rz': 6, 'sx': 6, 'reset': 2, 'cx': 1})"
39,3,38,626,563,"OrderedDict({'rz': 230, 'sx': 227, 'cx': 160, 'x': 9})",31,21,"OrderedDict({'rz': 12, 'sx': 12, 'cx': 4, 'reset': 3})"
39,4,38,992,707,"OrderedDict({'rz': 457, 'cx': 384, 'sx': 133, 'x': 18})",62,47,"OrderedDict({'rz': 25, 'sx': 22, 'cx': 11, 'reset': 4})"
39,5,38,3058,1996,"OrderedDict({'rz': 1481, 'cx': 1280, 'sx': 262, 'x': 35})",120,100,"OrderedDict({'rz': 49, 'sx': 40, 'cx': 26, 'reset': 5})"
39,6,38,6550,4940,"OrderedDict({'rz': 3147, 'cx': 2816, 'sx': 519, 'x': 68})",235,210,"OrderedDict({'rz': 98, 'sx': 74, 'cx': 57, 'reset': 6})"
39,7,38,25643,22930,"OrderedDict({'rz': 12190, 'cx': 10240, 'sx': 3080, 'x': 133})",490,460,"OrderedDict({'rz': 210, 'sx': 153, 'cx': 120, 'reset': 7})"
39,8,38,70993,58649,"OrderedDict({'rz': 33867, 'cx': 26624, 'sx': 10249, 'x': 253})",921,886,"OrderedDict({'rz': 387, 'sx': 279, 'cx': 247, 'reset': 8})"
39,9,38,164617,145005,"OrderedDict({'rz': 78089, 'cx': 61440, 'sx': 24586, 'x': 502})",2098,2058,"OrderedDict({'rz': 941, 'sx': 646, 'cx': 502, 'reset': 9})"
39,10,38,374047,324721,"OrderedDict({'rz': 176413, 'cx': 139264, 'sx': 57355, 'x': 1015})",3937,3891,"OrderedDict({'rz': 1722, 'sx': 1187, 'cx': 1013, 'reset': 10, 'x': 5})"
40,2,39,138,123,"OrderedDict({'rz': 52, 'sx': 50, 'cx': 32, 'x': 4})",15,10,"OrderedDict({'rz': 6, 'sx': 6, 'reset': 2, 'cx': 1})"
40,3,39,626,563,"OrderedDict({'rz': 230, 'sx': 227, 'cx': 160, 'x': 9})",31,21,"OrderedDict({'rz': 12, 'sx': 12, 'cx': 4, 'reset': 3})"
40,4,39,992,707,"OrderedDict({'rz': 457, 'cx': 384, 'sx': 133, 'x': 18})",62,47,"OrderedDict({'rz': 25, 'sx': 22, 'cx': 11, 'reset': 4})"
40,5,39,3058,1996,"OrderedDict({'rz': 1481, 'cx': 1280, 'sx': 262, 'x': 35})",120,100,"OrderedDict({'rz': 49, 'sx': 40, 'cx': 26, 'reset': 5})"
40,6,39,6550,4940,"OrderedDict({'rz': 3147, 'cx': 2816, 'sx': 519, 'x': 68})",235,210,"OrderedDict({'rz': 98, 'sx': 74, 'cx': 57, 'reset': 6})"
40,7,39,25643,22930,"OrderedDict({'rz': 12190, 'cx': 10240, 'sx': 3080, 'x': 133})",461,431,"OrderedDict({'rz': 194, 'sx': 140, 'cx': 120, 'reset': 7})"
40,8,39,70989,58649,"OrderedDict({'rz': 33863, 'cx': 26624, 'sx': 10249, 'x': 253})",1036,1001,"OrderedDict({'rz': 461, 'sx': 320, 'cx': 247, 'reset': 8})"
40,9,39,164611,145005,"OrderedDict({'rz': 78083, 'cx': 61440, 'sx': 24586, 'x': 502})",2323,2282,"OrderedDict({'rz': 1066, 'sx': 744, 'cx': 502, 'reset': 9, 'x': 2})"
40,10,39,374037,324721,"OrderedDict({'rz': 176403, 'cx': 139264, 'sx': 57355, 'x': 1015})",3775,3731,"OrderedDict({'rz': 1628, 'sx': 1122, 'cx': 1013, 'reset': 10, 'x': 2})"
41,2,40,138,123,"OrderedDict({'rz': 52, 'sx': 50, 'cx': 32, 'x': 4})",15,10,"OrderedDict({'rz': 6, 'sx': 6, 'reset': 2, 'cx': 1})"
41,3,40,626,563,"OrderedDict({'rz': 230, 'sx': 227, 'cx': 160, 'x': 9})",31,21,"OrderedDict({'rz': 12, 'sx': 12, 'cx': 4, 'reset': 3})"
41,4,40,992,707,"OrderedDict({'rz': 457, 'cx': 384, 'sx': 133, 'x': 18})",62,47,"OrderedDict({'rz': 25, 'sx': 22, 'cx': 11, 'reset': 4})"
41,5,40,3058,1996,"OrderedDict({'rz': 1481, 'cx': 1280, 'sx': 262, 'x': 35})",120,100,"OrderedDict({'rz': 49, 'sx': 40, 'cx': 26, 'reset': 5})"
41,6,40,6550,4940,"OrderedDict({'rz': 3147, 'cx': 2816, 'sx': 519, 'x': 68})",235,210,"OrderedDict({'rz': 98, 'sx': 74, 'cx': 57, 'reset': 6})"
41,7,40,25645,22930,"OrderedDict({'rz': 12192, 'cx': 10240, 'sx': 3080, 'x': 133})",461,431,"OrderedDict({'rz': 194, 'sx': 140, 'cx': 120, 'reset': 7})"
41,8,40,70997,58649,"OrderedDict({'rz': 33871, 'cx': 26624, 'sx': 10249, 'x': 253})",906,871,"OrderedDict({'rz': 381, 'sx': 270, 'cx': 247, 'reset': 8})"
41,9,40,164625,145005,"OrderedDict({'rz': 78097, 'cx': 61440, 'sx': 24586, 'x': 502})",2027,1988,"OrderedDict({'rz': 891, 'sx': 623, 'cx': 502, 'reset': 9, 'x': 2})"
41,10,40,374051,324721,"OrderedDict({'rz': 176417, 'cx': 139264, 'sx': 57355, 'x': 1015})",3645,3600,"OrderedDict({'rz': 1554, 'sx': 1067, 'cx': 1013, 'reset': 10, 'x': 1})"
42,2,41,138,123,"OrderedDict({'rz': 52, 'sx': 50, 'cx': 32, 'x': 4})",15,10,"OrderedDict({'rz': 6, 'sx': 6, 'reset': 2, 'cx': 1})"
42,3,41,626,563,"OrderedDict({'rz': 230, 'sx': 227, 'cx': 160, 'x': 9})",31,21,"OrderedDict({'rz': 12, 'sx': 12, 'cx': 4, 'reset': 3})"
42,4,41,992,707,"OrderedDict({'rz': 457, 'cx': 384, 'sx': 133, 'x': 18})",62,47,"OrderedDict({'rz': 25, 'sx': 22, 'cx': 11, 'reset': 4})"
42,5,41,3058,1996,"OrderedDict({'rz': 1481, 'cx': 1280, 'sx': 262, 'x': 35})",120,100,"OrderedDict({'rz': 49, 'sx': 40, 'cx': 26, 'reset': 5})"
42,6,41,6550,4940,"OrderedDict({'rz': 3147, 'cx': 2816, 'sx': 519, 'x': 68})",235,210,"OrderedDict({'rz': 98, 'sx': 74, 'cx': 57, 'reset': 6})"
42,7,41,25643,22930,"OrderedDict({'rz': 12190, 'cx': 10240, 'sx': 3080, 'x': 133})",461,431,"OrderedDict({'rz': 194, 'sx': 140, 'cx': 120, 'reset': 7})"
42,8,41,70991,58649,"OrderedDict({'rz': 33865, 'cx': 26624, 'sx': 10249, 'x': 253})",954,919,"OrderedDict({'rz': 412, 'sx': 287, 'cx': 247, 'reset': 8})"
42,9,41,164609,145005,"OrderedDict({'rz': 78081, 'cx': 61440, 'sx': 24586, 'x': 502})",2182,2141,"OrderedDict({'rz': 987, 'sx': 684, 'cx': 502, 'reset': 9})"
42,10,41,374025,324718,"OrderedDict({'rz': 176399, 'cx': 139264, 'sx': 57347, 'x': 1015})",5086,5040,"OrderedDict({'rz': 2415, 'sx': 1646, 'cx': 1013, 'reset': 10, 'x': 2})"
43,2,42,138,123,"OrderedDict({'rz': 52, 'sx': 50, 'cx': 32, 'x': 4})",15,10,"OrderedDict({'rz': 6, 'sx': 6, 'reset': 2, 'cx': 1})"
43,3,42,626,563,"OrderedDict({'rz': 230, 'sx': 227, 'cx': 160, 'x': 9})",31,21,"OrderedDict({'rz': 12, 'sx': 12, 'cx': 4, 'reset': 3})"
43,4,42,992,707,"OrderedDict({'rz': 457, 'cx': 384, 'sx': 133, 'x': 18})",62,47,"OrderedDict({'rz': 25, 'sx': 22, 'cx': 11, 'reset': 4})"
43,5,42,3058,1996,"OrderedDict({'rz': 1481, 'cx': 1280, 'sx': 262, 'x': 35})",120,100,"OrderedDict({'rz': 49, 'sx': 40, 'cx': 26, 'reset': 5})"
43,6,42,6550,4940,"OrderedDict({'rz': 3147, 'cx': 2816, 'sx': 519, 'x': 68})",235,210,"OrderedDict({'rz': 98, 'sx': 74, 'cx': 57, 'reset': 6})"
43,7,42,25644,22930,"OrderedDict({'rz': 12191, 'cx': 10240, 'sx': 3080, 'x': 133})",497,466,"OrderedDict({'rz': 215, 'sx': 155, 'cx': 120, 'reset': 7})"
43,8,42,70993,58649,"OrderedDict({'rz': 33867, 'cx': 26624, 'sx': 10249, 'x': 253})",1064,1028,"OrderedDict({'rz': 476, 'sx': 333, 'cx': 247, 'reset': 8})"
43,9,42,164615,145005,"OrderedDict({'rz': 78087, 'cx': 61440, 'sx': 24586, 'x': 502})",2052,2011,"OrderedDict({'rz': 914, 'sx': 626, 'cx': 502, 'reset': 9, 'x': 1})"
43,10,42,374045,324721,"OrderedDict({'rz': 176411, 'cx': 139264, 'sx': 57355, 'x': 1015})",4201,4155,"OrderedDict({'rz': 1876, 'sx': 1292, 'cx': 1013, 'reset': 10, 'x': 10})"
44,2,43,138,123,"OrderedDict({'rz': 52, 'sx': 50, 'cx': 32, 'x': 4})",15,10,"OrderedDict({'rz': 6, 'sx': 6, 'reset': 2, 'cx': 1})"
44,3,43,626,563,"OrderedDict({'rz': 230, 'sx': 227, 'cx': 160, 'x': 9})",31,21,"OrderedDict({'rz': 12, 'sx': 12, 'cx': 4, 'reset': 3})"
44,4,43,992,707,"OrderedDict({'rz': 457, 'cx': 384, 'sx': 133, 'x': 18})",62,47,"OrderedDict({'rz': 25, 'sx': 22, 'cx': 11, 'reset': 4})"
44,5,43,3058,1996,"OrderedDict({'rz': 1481, 'cx': 1280, 'sx': 262, 'x': 35})",120,100,"OrderedDict({'rz': 49, 'sx': 40, 'cx': 26, 'reset': 5})"
44,6,43,6551,4941,"OrderedDict({'rz': 3148, 'cx': 2816, 'sx': 519, 'x': 68})",235,210,"OrderedDict({'rz': 98, 'sx': 74, 'cx': 57, 'reset': 6})"
44,7,43,25644,22930,"OrderedDict({'rz': 12191, 'cx': 10240, 'sx': 3080, 'x': 133})",458,428,"OrderedDict({'rz': 191, 'sx': 140, 'cx': 120, 'reset': 7})"
44,8,43,70999,58649,"OrderedDict({'rz': 33873, 'cx': 26624, 'sx': 10249, 'x': 253})",978,943,"OrderedDict({'rz': 426, 'sx': 297, 'cx': 247, 'reset': 8})"
44,9,43,164617,145005,"OrderedDict({'rz': 78089, 'cx': 61440, 'sx': 24586, 'x': 502})",1932,1892,"OrderedDict({'rz': 840, 'sx': 579, 'cx': 502, 'reset': 9, 'x': 2})"
44,10,43,374047,324721,"OrderedDict({'rz': 176413, 'cx': 139264, 'sx': 57355, 'x': 1015})",3882,3838,"OrderedDict({'rz': 1695, 'sx': 1158, 'cx': 1013, 'reset': 10, 'x': 6})"
45,2,44,138,123,"OrderedDict({'rz': 52, 'sx': 50, 'cx': 32, 'x': 4})",15,10,"OrderedDict({'rz': 6, 'sx': 6, 'reset': 2, 'cx': 1})"
45,3,44,626,563,"OrderedDict({'rz': 230, 'sx': 227, 'cx': 160, 'x': 9})",31,21,"OrderedDict({'rz': 12, 'sx': 12, 'cx': 4, 'reset': 3})"
45,4,44,992,707,"OrderedDict({'rz': 457, 'cx': 384, 'sx': 133, 'x': 18})",62,47,"OrderedDict({'rz': 25, 'sx': 22, 'cx': 11, 'reset': 4})"
45,5,44,3058,1996,"OrderedDict({'rz': 1481, 'cx': 1280, 'sx': 262, 'x': 35})",120,100,"OrderedDict({'rz': 49, 'sx': 40, 'cx': 26, 'reset': 5})"
45,6,44,6550,4940,"OrderedDict({'rz': 3147, 'cx': 2816, 'sx': 519, 'x': 68})",235,210,"OrderedDict({'rz': 98, 'sx': 74, 'cx': 57, 'reset': 6})"
45,7,44,25645,22930,"OrderedDict({'rz': 12192, 'cx': 10240, 'sx': 3080, 'x': 133})",461,431,"OrderedDict({'rz': 194, 'sx': 140, 'cx': 120, 'reset': 7})"
45,8,44,70995,58649,"OrderedDict({'rz': 33869, 'cx': 26624, 'sx': 10249, 'x': 253})",906,871,"OrderedDict({'rz': 378, 'sx': 270, 'cx': 247, 'reset': 8, 'x': 3})"
45,9,44,164611,145005,"OrderedDict({'rz': 78083, 'cx': 61440, 'sx': 24586, 'x': 502})",2102,2060,"OrderedDict({'rz': 942, 'sx': 648, 'cx': 502, 'reset': 9, 'x': 1})"
45,10,44,374047,324721,"OrderedDict({'rz': 176413, 'cx': 139264, 'sx': 57355, 'x': 1015})",4007,3962,"OrderedDict({'rz': 1776, 'sx': 1206, 'cx': 1013, 'reset': 10, 'x': 2})"
46,2,45,138,123,"OrderedDict({'rz': 52, 'sx': 50, 'cx': 32, 'x': 4})",15,10,"OrderedDict({'rz': 6, 'sx': 6, 'reset': 2, 'cx': 1})"
46,3,45,626,563,"OrderedDict({'rz': 230, 'sx': 227, 'cx': 160, 'x': 9})",31,21,"OrderedDict({'rz': 12, 'sx': 12, 'cx': 4, 'reset': 3})"
46,4,45,992,707,"OrderedDict({'rz': 457, 'cx': 384, 'sx': 133, 'x': 18})",62,47,"OrderedDict({'rz': 25, 'sx': 22, 'cx': 11, 'reset': 4})"
46,5,45,3058,1996,"OrderedDict({'rz': 1481, 'cx': 1280, 'sx': 262, 'x': 35})",120,100,"OrderedDict({'rz': 49, 'sx': 40, 'cx': 26, 'reset': 5})"
46,6,45,6550,4940,"OrderedDict({'rz': 3147, 'cx': 2816, 'sx': 519, 'x': 68})",235,210,"OrderedDict({'rz': 98, 'sx': 74, 'cx': 57, 'reset': 6})"
46,7,45,25643,22930,"OrderedDict({'rz': 12190, 'cx': 10240, 'sx': 3080, 'x': 133})",479,448,"OrderedDict({'rz': 205, 'sx': 147, 'cx': 120, 'reset': 7})"
46,8,45,70989,58649,"OrderedDict({'rz': 33863, 'cx': 26624, 'sx': 10249, 'x': 253})",910,875,"OrderedDict({'rz': 385, 'sx': 270, 'cx': 247, 'reset': 8})"
46,9,45,164607,145005,"OrderedDict({'rz': 78079, 'cx': 61440, 'sx': 24586, 'x': 502})",2388,2345,"OrderedDict({'rz': 1116, 'sx': 760, 'cx': 502, 'reset': 9, 'x': 1})"
46,10,45,374035,324721,"OrderedDict({'rz': 176401, 'cx': 139264, 'sx': 57355, 'x': 1015})",4938,4891,"OrderedDict({'rz': 2322, 'sx': 1592, 'cx': 1013, 'reset': 10, 'x': 1})"
47,2,46,138,123,"OrderedDict({'rz': 52, 'sx': 50, 'cx': 32, 'x': 4})",15,10,"OrderedDict({'rz': 6, 'sx': 6, 'reset': 2, 'cx': 1})"
47,3,46,626,563,"OrderedDict({'rz': 230, 'sx': 227, 'cx': 160, 'x': 9})",31,21,"OrderedDict({'rz': 12, 'sx': 12, 'cx': 4, 'reset': 3})"
47,4,46,992,707,"OrderedDict({'rz': 457, 'cx': 384, 'sx': 133, 'x': 18})",62,47,"OrderedDict({'rz': 25, 'sx': 22, 'cx': 11, 'reset': 4})"
47,5,46,3058,1996,"OrderedDict({'rz': 1481, 'cx': 1280, 'sx': 262, 'x': 35})",119,99,"OrderedDict({'rz': 48, 'sx': 40, 'cx': 26, 'reset': 5})"
47,6,46,6550,4940,"OrderedDict({'rz': 3147, 'cx': 2816, 'sx': 519, 'x': 68})",235,210,"OrderedDict({'rz': 98, 'sx': 74, 'cx': 57, 'reset': 6})"
47,7,46,25643,22930,"OrderedDict({'rz': 12190, 'cx': 10240, 'sx': 3080, 'x': 133})",503,473,"OrderedDict({'rz': 219, 'sx': 157, 'cx': 120, 'reset': 7})"
47,8,46,70999,58649,"OrderedDict({'rz': 33873, 'cx': 26624, 'sx': 10249, 'x': 253})",986,950,"OrderedDict({'rz': 430, 'sx': 301, 'cx': 247, 'reset': 8})"
47,9,46,164619,145005,"OrderedDict({'rz': 78091, 'cx': 61440, 'sx': 24586, 'x': 502})",1962,1921,"OrderedDict({'rz': 860, 'sx': 591, 'cx': 502, 'reset': 9})"
47,10,46,374063,324721,"OrderedDict({'rz': 176429, 'cx': 139264, 'sx': 57355, 'x': 1015})",4821,4774,"OrderedDict({'rz': 2265, 'sx': 1532, 'cx': 1013, 'reset': 10, 'x': 1})"
48,2,47,138,123,"OrderedDict({'rz': 52, 'sx': 50, 'cx': 32, 'x': 4})",15,10,"OrderedDict({'rz': 6, 'sx': 6, 'reset': 2, 'cx': 1})"
48,3,47,626,563,"OrderedDict({'rz': 230, 'sx': 227, 'cx': 160, 'x': 9})",31,21,"OrderedDict({'rz': 12, 'sx': 12, 'cx': 4, 'reset': 3})"
48,4,47,992,707,"OrderedDict({'rz': 457, 'cx': 384, 'sx': 133, 'x': 18})",62,47,"OrderedDict({'rz': 25, 'sx': 22, 'cx': 11, 'reset': 4})"
48,5,47,3058,1996,"OrderedDict({'rz': 1481, 'cx': 1280, 'sx': 262, 'x': 35})",120,100,"OrderedDict({'rz': 49, 'sx': 40, 'cx': 26, 'reset': 5})"
48,6,47,6551,4941,"OrderedDict({'rz': 3148, 'cx': 2816, 'sx': 519, 'x': 68})",235,210,"OrderedDict({'rz': 98, 'sx': 74, 'cx': 57, 'reset': 6})"
48,7,47,25644,22930,"OrderedDict({'rz': 12191, 'cx': 10240, 'sx': 3080, 'x': 133})",503,473,"OrderedDict({'rz': 217, 'sx': 158, 'cx': 120, 'reset': 7, 'x': 1})"
48,8,47,70995,58649,"OrderedDict({'rz': 33869, 'cx': 26624, 'sx': 10249, 'x': 253})",902,868,"OrderedDict({'rz': 379, 'sx': 268, 'cx': 247, 'reset': 8})"
48,9,47,164619,145005,"OrderedDict({'rz': 78091, 'cx': 61440, 'sx': 24586, 'x': 502})",1956,1916,"OrderedDict({'rz': 851, 'sx': 594, 'cx': 502, 'reset': 9})"
48,10,47,374045,324721,"OrderedDict({'rz': 176411, 'cx': 139264, 'sx': 57355, 'x': 1015})",5150,5102,"OrderedDict({'rz': 2447, 'sx': 1668, 'cx': 1013, 'x': 12, 'reset': 10})"
49,2,48,138,123,"OrderedDict({'rz': 52, 'sx': 50, 'cx': 32, 'x': 4})",15,10,"OrderedDict({'rz': 6, 'sx': 6, 'reset': 2, 'cx': 1})"
49,3,48,626,563,"OrderedDict({'rz': 230, 'sx': 227, 'cx': 160, 'x': 9})",31,21,"OrderedDict({'rz': 12, 'sx': 12, 'cx': 4, 'reset': 3})"
49,4,48,992,707,"OrderedDict({'rz': 457, 'cx': 384, 'sx': 133, 'x': 18})",62,47,"OrderedDict({'rz': 25, 'sx': 22, 'cx': 11, 'reset': 4})"
49,5,48,3058,1996,"OrderedDict({'rz': 1481, 'cx': 1280, 'sx': 262, 'x': 35})",120,100,"OrderedDict({'rz': 49, 'sx': 40, 'cx': 26, 'reset': 5})"
49,6,48,6550,4940,"OrderedDict({'rz': 3147, 'cx': 2816, 'sx': 519, 'x': 68})",235,210,"OrderedDict({'rz': 98, 'sx': 74, 'cx': 57, 'reset': 6})"
49,7,48,25644,22930,"OrderedDict({'rz': 12191, 'cx': 10240, 'sx': 3080, 'x': 133})",461,431,"OrderedDict({'rz': 194, 'sx': 140, 'cx': 120, 'reset': 7})"
49,8,48,70995,58649,"OrderedDict({'rz': 33869, 'cx': 26624, 'sx': 10249, 'x': 253})",1092,1056,"OrderedDict({'rz': 495, 'sx': 342, 'cx': 247, 'reset': 8})"
49,9,48,164617,145005,"OrderedDict({'rz': 78089, 'cx': 61440, 'sx': 24586, 'x': 502})",2442,2401,"OrderedDict({'rz': 1147, 'sx': 783, 'cx': 502, 'reset': 9, 'x': 1})"
49,10,48,374043,324721,"OrderedDict({'rz': 176409, 'cx': 139264, 'sx': 57355, 'x': 1015})",3908,3863,"OrderedDict({'rz': 1704, 'sx': 1172, 'cx': 1013, 'reset': 10, 'x': 9})"
50,2,49,138,123,"OrderedDict({'rz': 52, 'sx': 50, 'cx': 32, 'x': 4})",15,10,"OrderedDict({'rz': 6, 'sx': 6, 'reset': 2, 'cx': 1})"
50,3,49,626,563,"OrderedDict({'rz': 230, 'sx': 227, 'cx': 160, 'x': 9})",31,21,"OrderedDict({'rz': 12, 'sx': 12, 'cx': 4, 'reset': 3})"
50,4,49,992,707,"OrderedDict({'rz': 457, 'cx': 384, 'sx': 133, 'x': 18})",62,47,"OrderedDict({'rz': 25, 'sx': 22, 'cx': 11, 'reset': 4})"
50,5,49,3058,1996,"OrderedDict({'rz': 1481, 'cx': 1280, 'sx': 262, 'x': 35})",116,97,"OrderedDict({'rz': 47, 'sx': 38, 'cx': 26, 'reset': 5})"
50,6,49,6551,4941,"OrderedDict({'rz': 3148, 'cx': 2816, 'sx': 519, 'x': 68})",235,210,"OrderedDict({'rz': 98, 'sx': 74, 'cx': 57, 'reset': 6})"
50,7,49,25644,22930,"OrderedDict({'rz': 12191, 'cx': 10240, 'sx': 3080, 'x': 133})",537,506,"OrderedDict({'rz': 239, 'sx': 171, 'cx': 120, 'reset': 7})"
50,8,49,70995,58649,"OrderedDict({'rz': 33869, 'cx': 26624, 'sx': 10249, 'x': 253})",912,877,"OrderedDict({'rz': 387, 'sx': 270, 'cx': 247, 'reset': 8})"
50,9,49,164617,145005,"OrderedDict({'rz': 78089, 'cx': 61440, 'sx': 24586, 'x': 502})",2121,2080,"OrderedDict({'rz': 953, 'sx': 656, 'cx': 502, 'reset': 9, 'x': 1})"
50,10,49,374057,324721,"OrderedDict({'rz': 176423, 'cx': 139264, 'sx': 57355, 'x': 1015})",4248,4202,"OrderedDict({'rz': 1919, 'sx': 1304, 'cx': 1013, 'reset': 10, 'x': 2})"
51,2,50,138,123,"OrderedDict({'rz': 52, 'sx': 50, 'cx': 32, 'x': 4})",15,10,"OrderedDict({'rz': 6, 'sx': 6, 'reset': 2, 'cx': 1})"
51,3,50,626,563,"OrderedDict({'rz': 230, 'sx': 227, 'cx': 160, 'x': 9})",31,21,"OrderedDict({'rz': 12, 'sx': 12, 'cx': 4, 'reset': 3})"
51,4,50,992,707,"OrderedDict({'rz': 457, 'cx': 384, 'sx': 133, 'x': 18})",62,47,"OrderedDict({'rz': 25, 'sx': 22, 'cx': 11, 'reset': 4})"
51,5,50,3058,1996,"OrderedDict({'rz': 1481, 'cx': 1280, 'sx': 262, 'x': 35})",120,100,"OrderedDict({'rz': 49, 'sx': 40, 'cx': 26, 'reset': 5})"
51,6,50,6550,4940,"OrderedDict({'rz': 3147, 'cx': 2816, 'sx': 519, 'x': 68})",235,210,"OrderedDict({'rz': 98, 'sx': 74, 'cx': 57, 'reset': 6})"
51,7,50,25643,22930,"OrderedDict({'rz': 12190, 'cx': 10240, 'sx': 3080, 'x': 133})",499,468,"OrderedDict({'rz': 217, 'sx': 155, 'cx': 120, 'reset': 7})"
51,8,50,70993,58649,"OrderedDict({'rz': 33867, 'cx': 26624, 'sx': 10249, 'x': 253})",912,877,"OrderedDict({'rz': 387, 'sx': 270, 'cx': 247, 'reset': 8})"
51,9,50,164611,145005,"OrderedDict({'rz': 78083, 'cx': 61440, 'sx': 24586, 'x': 502})",2123,2082,"OrderedDict({'rz': 953, 'sx': 658, 'cx': 502, 'reset': 9, 'x': 1})"
51,10,50,374049,324721,"OrderedDict({'rz': 176415, 'cx': 139264, 'sx': 57355, 'x': 1015})",3816,3772,"OrderedDict({'rz': 1642, 'sx': 1140, 'cx': 1013, 'x': 11, 'reset': 10})"
